-1.3212,-1.4354,0.699208,0.0883909,1.22854,0.263427,-0.970464,1.19504,-0.452441,0.263439,1
-1.26332,-1.79268,1.19997,1.04531,-0.387974,0.962726,-1.0157,-0.758787,-1.51527,-0.128342,1
-0.936491,0.26694,2.60048,0.324329,0.493956,-0.399935,-0.578789,-0.363623,-3.08897,0.0494143,1
-2.18897,-1.38435,1.70156,0.205251,0.080943,0.108802,-0.42621,-0.532981,-2.80753,0.0395303,1
-1.91037,-2.39266,0.83233,-0.436519,2.27884,1.53695,-0.179237,1.17468,-2.38213,1.19224,1
-1.1132,-1.65308,-1.62054,-0.12542,3.42869,2.56648,0.639149,0.430719,-1.86143,1.85582,1
-1.41497,-4.29958,-1.63293,-0.770867,3.21296,3.97219,0.808415,1.86184,-1.10573,2.25887,1
-1.03727,-3.23529,-1.80297,-1.2282,3.4988,3.84857,-1.02394,2.03293,-0.490894,1.61337,1
-1.27807,-3.56694,-2.94909,0.146203,3.72214,4.59437,-0.173949,1.63101,-0.564054,2.53367,1
-2.13405,-1.95715,-3.33238,-0.275054,4.03377,4.21838,-0.597186,0.696096,-0.0546634,1.24086,1
-2.68612,-1.72566,-3.35228,0.444107,4.96968,4.53689,-1.72437,0.93025,0.632236,0.830433,1
-3.62191,-2.00257,-4.11562,0.163731,6.69431,4.49757,-1.14852,2.11264,0.660574,0.269733,1
-2.91989,-2.67427,-5.31261,0.426406,6.46383,5.178,-0.861092,3.47621,0.512348,-0.805152,1
-2.83718,-2.65592,-4.27916,1.06794,7.17351,5.02703,-2.40313,3.75811,0.785443,-2.07012,1
-3.18769,-2.79307,-4.77383,2.51689,7.88203,4.72073,-3.94418,4.6766,0.132571,-2.11684,1
-3.28387,-2.1988,-4.24244,1.95807,6.94824,4.30352,-3.74305,2.43708,0.786391,-1.91794,1
-2.26774,-1.10933,-5.99904,0.320326,7.90719,2.04702,-3.53158,5.05291,1.08191,-1.46457,1
-2.07461,0.502629,-8.01173,0.893923,7.96521,0.971915,-2.95186,5.30428,0.295889,-0.0798254,1
-2.92439,2.84273,-9.57296,-0.643548,7.61786,0.475286,-1.38298,6.69448,-0.479554,0.500148,1
-3.27385,2.34398,-7.99584,-0.486906,7.55315,-1.20312,-2.13303,7.84354,-1.7356,0.673387,1
-1.44378,3.04925,-7.696,-1.00703,5.65467,-2.43264,-2.76208,7.39467,-0.383217,1.05051,1
-0.317687,3.45661,-7.93748,0.20194,4.49782,-1.53064,-2.72652,7.8436,-1.26557,-0.0277965,1
0.848667,4.11351,-7.35342,-1.2047,3.72749,-2.12777,-3.67897,9.57177,-0.507684,0.214724,1
3.64681,2.71337,-9.34271,-2.85288,3.39334,-2.53473,-3.95247,8.27992,-0.825067,-2.20184,1
4.32055,3.782,-9.53741,-2.05839,2.6143,-2.92962,-3.63615,8.218,-0.0487624,-3.18243,1
6.44539,3.55917,-9.87451,-2.91245,2.38515,-3.26081,-4.92552,9.15498,1.45655,-3.87795,1
4.99558,4.63167,-8.67667,-3.30509,3.15397,-5.10774,-5.44129,10.7148,1.08116,-4.95914,1
4.09437,5.04074,-7.039,-3.39384,2.46009,-4.58064,-3.57695,8.65188,1.0027,-6.14096,1
6.42632,5.28746,-7.27182,-4.24895,1.17262,-4.99245,-3.92181,8.53465,-0.174979,-6.85547,1
5.99918,5.06001,-7.30041,-4.65496,1.92592,-5.52692,-6.04988,8.01597,0.169093,-6.27019,1
6.52535,5.40984,-8.64096,-4.50146,2.79986,-5.47971,-4.51078,6.78811,-0.76695,-6.14438,1
7.31584,5.34632,-9.05767,-4.99218,2.27395,-4.59126,-3.4821,7.4511,0.201774,-6.99806,1
7.30431,6.62846,-9.78364,-5.27071,1.73836,-4.85753,-4.01392,6.65084,1.22904,-6.51493,1
7.16191,9.10711,-10.0735,-4.39255,1.20431,-4.71932,-3.82462,7.53997,0.831372,-6.54703,1
5.73671,10.2704,-11.579,-3.3877,1.65916,-4.50537,-4.65761,8.35512,-0.361837,-5.59681,1
5.90279,9.46358,-12.6612,-4.12812,1.17732,-1.13463,-3.87497,8.55598,-0.198946,-4.86791,1
5.74769,9.20042,-11.4124,-4.0712,-0.553864,-1.90384,-4.28359,9.38512,-0.859424,-4.57975,1
5.36843,11.7517,-10.5567,-2.42225,1.4073,-1.59678,-3.67981,9.54977,-0.30247,-4.14609,1
6.15117,12.9356,-7.93259,-5.25936,0.202327,-1.47303,-3.39118,12.7956,-1.04823,-3.45886,1
5.35813,12.5935,-6.18829,-2.65397,-0.0537958,-0.137337,-4.50073,12.368,-1.69241,-3.64227,1
3.91269,11.8039,-5.4258,-2.62976,-1.19555,0.10805,-3.5209,11.6362,-1.8978,-3.47088,1
4.75791,12.2137,-5.12144,-2.64351,-1.65568,1.44527,-5.15947,11.7895,-1.52927,-1.41408,1
4.05121,12.5047,-5.19439,-2.27509,-2.04896,0.0179929,-4.05468,9.60627,-1.52217,-1.69879,1
4.25509,12.3331,-3.77868,-3.65228,-1.29349,-1.17428,-4.41544,9.37506,-1.85106,-1.25591,1
4.78297,11.7484,-1.96406,-3.12858,-2.04235,-1.39098,-4.90421,9.30154,-1.73758,-2.60832,1
6.07208,13.8284,-0.656337,-2.57987,-2.71835,-2.79793,-5.38794,10.0214,-1.93513,-1.65206,1
5.01552,13.4277,-0.839214,-2.1069,-2.90096,-3.68784,-6.37503,9.41952,-2.50919,0.221681,1
4.97058,12.8563,-2.31937,-1.77199,-1.71189,-4.06452,-6.33669,10.8133,-2.48287,1.11755,1
5.18692,12.5884,-2.4642,-1.99937,-0.207644,-3.78983,-7.32467,9.67527,-1.17401,1.09766,1
4.944,12.3661,-3.91688,-2.71179,1.05202,-3.71405,-8.15596,8.98733,-2.70511,1.0124,1
4.80317,11.9053,-3.37357,-3.06416,1.9319,-4.82573,-8.60866,8.23402,-0.882502,1.11675,1
3.59026,11.5383,-4.19305,-4.84015,1.387,-5.53797,-7.20304,6.70782,-1.67886,1.89969,1
3.76191,12.329,-4.47638,-3.82634,0.785328,-6.11875,-8.51298,5.85679,-2.00169,1.37724,1
4.21069,12.9815,-4.1988,-2.35926,1.69822,-6.01924,-7.16942,5.17815,-3.12505,3.40862,1
3.43774,11.4144,-4.5014,-2.37557,2.15436,-5.07138,-7.16592,5.57465,-2.4639,3.2809,1
3.41954,11.7121,-4.29856,-2.99312,1.43712,-5.86749,-7.74958,5.84739,-1.25209,3.52187,1
4.17268,11.4791,-3.71752,-3.08783,1.5112,-5.61375,-7.59592,3.73152,-1.56985,3.71211,1
4.85722,12.2243,-3.02095,-4.91427,1.95111,-7.13831,-6.01551,3.00886,-2.58571,3.50248,1
3.89548,10.7723,-3.95115,-6.32582,1.8255,-6.39151,-4.27685,1.63619,-3.33961,5.19637,1
3.33605,10.6106,-3.51173,-6.00117,2.1088,-7.07295,-6.67408,1.80879,-5.3729,4.37439,1
4.34149,10.2266,-4.25912,-5.56269,1.59552,-5.89454,-6.34871,2.79743,-5.06,3.71048,1
4.47182,10.4238,-2.70349,-6.3185,2.61725,-7.71824,-4.99421,3.48609,-3.81614,2.54275,1
4.37098,8.94654,-3.21125,-7.13744,1.17028,-6.32719,-5.63092,4.67878,-4.45327,4.61576,1
2.38296,9.93679,-3.03617,-7.96915,0.621935,-6.16301,-5.99742,5.18945,-5.97141,4.93761,1
3.3218,10.5735,-3.01808,-6.89535,0.16863,-6.65272,-4.93665,5.49543,-6.37633,6.77798,1
3.94035,9.53866,-1.96586,-6.24375,-0.24933,-8.17837,-6.0302,3.11938,-7.47244,7.48055,1
4.70373,8.31408,-1.80336,-7.0585,0.200348,-6.08125,-5.34403,3.6208,-6.48563,7.05278,1
4.26889,9.4519,-1.65898,-7.54099,0.0761589,-6.21906,-5.78035,4.23099,-5.9126,7.60502,1
5.57893,10.2588,-1.14012,-8.65816,-0.152209,-7.19788,-5.78617,3.98431,-5.31776,6.65011,1
5.65099,10.6072,-1.25265,-8.06697,-1.29689,-7.80609,-4.3974,5.27317,-5.59591,5.93371,1
4.74219,10.9152,-1.87417,-8.26151,-0.437156,-7.97566,-5.19044,5.76019,-4.93147,5.80873,1
6.10592,11.151,-2.58469,-9.18678,-0.917942,-8.52807,-6.02617,5.21605,-4.01736,4.96549,1
6.65217,10.8657,-2.68081,-10.1853,-1.42738,-8.10074,-8.09094,4.20137,-4.06947,3.7879,1
5.15236,10.1332,-1.47158,-8.77976,-1.96415,-7.34209,-7.46064,4.60159,-3.53084,4.32111,1
5.54368,9.80933,-0.728968,-8.46416,-2.58315,-7.02213,-10.1287,4.66686,-2.44807,3.96177,1
4.94186,10.1878,-2.70742,-8.75897,-1.12952,-8.07289,-9.24533,3.73359,-2.00214,4.02548,1
4.21644,10.6592,-1.29703,-9.40666,-0.0547422,-7.67387,-9.35742,4.86845,-1.8133,4.55121,1
3.82825,10.4328,0.22859,-8.69772,1.68467,-8.00037,-9.19054,3.54868,-0.493484,4.37741,1
2.80904,12.2712,-0.389106,-9.42484,2.55607,-7.72383,-9.03693,1.78481,0.126148,3.61723,1
3.71123,12.6349,-0.571479,-9.14929,4.06042,-6.79414,-9.19329,1.69158,1.22869,4.62227,1
2.73467,12.3769,-1.03811,-10.1133,3.16388,-7.05872,-9.69186,0.384867,1.46152,4.02968,1
2.56029,11.8366,-0.506424,-9.75937,3.28711,-6.87866,-10.2653,0.213939,0.846326,2.38285,1
3.39252,10.5012,-1.41491,-8.53102,4.75456,-6.84684,-9.39457,0.450163,-1.03433,3.81506,1
2.91146,10.5969,-0.743034,-6.79743,6.52576,-5.77875,-10.2417,0.787349,-1.92248,3.65003,1
4.45773,11.436,-0.733862,-6.93999,6.0041,-6.59239,-9.92475,0.419628,-1.26295,3.2345,1
4.92382,11.0409,-1.10964,-7.21318,6.10588,-4.03237,-10.866,0.161241,-1.29897,4.93383,1
3.87111,11.8003,0.610761,-7.07881,7.70907,-3.72291,-10.092,0.700006,-3.44515,4.71794,1
3.28221,12.5589,0.675905,-8.59264,7.6904,-4.54467,-10.9278,0.830813,-1.70943,5.5787,1
3.18309,10.9456,1.49999,-8.98461,9.12989,-4.70411,-11.2528,2.82002,-2.82859,7.29396,1
2.18391,10.1038,0.596863,-8.72944,9.63527,-3.92252,-12.9134,1.90525,-2.91762,6.51833,1
1.24762,10.8905,0.675758,-9.6493,11.9311,-3.81348,-11.3903,0.972618,-3.40753,6.26141,1
1.32897,11.6214,2.42777,-11.244,12.4636,-4.20702,-11.3827,0.651314,-4.71143,4.83964,1
2.38713,11.0088,4.94612,-13.3016,13.4201,-5.96505,-12.6574,0.224442,-4.0412,4.54535,1
1.1842,10.5979,5.83634,-12.4972,14.5385,-6.44358,-12.7089,0.914072,-4.52277,5.04919,1
3.07787,10.1571,4.82517,-12.8323,14.8842,-7.21208,-13.0624,1.38199,-7.32256,4.83147,1
3.80183,10.81,6.56,-13.5307,15.3757,-6.71625,-14.7857,2.28045,-8.49738,4.40411,1
4.17322,10.2642,7.87294,-14.4662,13.8502,-7.53542,-15.18,2.38589,-6.23032,3.59912,1
2.17736,9.41244,8.02416,-13.3714,12.9492,-8.10016,-14.2787,3.10581,-5.07722,4.72975,1
2.88516,9.56699,7.61224,-14.613,13.938,-8.93292,-13.373,3.90295,-4.20473,2.89275,1
1.72988,11.1309,10.5059,-15.5048,14.7975,-7.84259,-13.8408,3.03263,-5.42165,0.172768,1
1.70298,10.8491,9.53514,-14.1231,15.461,-6.47409,-13.5688,1.74315,-5.12012,-0.63158,1
0.621225,10.8545,10.012,-13.6518,15.2875,-6.29417,-14.8839,2.25227,-5.4649,-2.42274,1
0.523404,11.8159,11.7699,-12.7939,15.9131,-4.19202,-14.2419,1.43671,-7.3389,-1.88613,1
-1.02506,13.5603,11.7751,-11.6367,16.7749,-3.75908,-13.6196,1.8889,-7.40431,0.54893,1
-0.645313,13.1404,13.6022,-12.4644,17.0313,-3.64866,-12.3153,2.11019,-4.69114,-0.00466828,1
-0.156313,13.3979,12.0462,-12.1372,15.0035,-4.39088,-15.1294,2.79609,-3.5768,1.23246,1
0.153069,13.6309,11.8748,-12.9972,15.1407,-4.86371,-14.0725,2.88421,-2.64643,1.50127,1
1.20768,14.8585,10.1414,-14.2493,13.6078,-5.36858,-13.0009,2.45225,-2.95031,1.42213,1
0.561335,14.9678,8.18633,-13.498,15.5819,-4.70735,-13.4933,3.13553,-1.22414,-0.215679,1
0.572675,14.7906,6.61944,-14.1848,14.39,-5.07141,-12.5718,3.41144,-1.06032,-1.82212,1
0.212709,15.3408,5.89091,-13.3118,11.7151,-5.06421,-11.9447,1.53983,-2.0068,-1.30109,1
1.06624,12.8315,5.94431,-12.5139,12.5847,-6.0293,-11.9496,0.305058,-2.92375,-1.46119,1
1.89961,12.8555,6.50394,-12.7337,11.6845,-7.09653,-11.9913,0.461106,-2.44716,-2.54148,1
2.8477,13.9807,5.48275,-12.8551,12.1352,-8.32958,-11.8289,1.57489,-2.31789,-3.43012,1
3.702,13.4164,6.5197,-13.7837,12.9505,-6.48081,-10.9412,1.51485,-1.64517,-3.91409,1
2.99168,15.3943,6.18652,-14.856,12.135,-5.05941,-11.4038,1.00834,-2.42084,-4.21238,1
2.65657,16.9102,5.57637,-14.989,10.8176,-6.49692,-12.9689,0.130891,-1.93541,-3.70818,1
3.39682,18.1452,5.78312,-13.8112,9.57098,-6.00318,-12.3896,0.539926,-2.61848,-4.32084,1
4.75078,18.3024,4.9185,-13.8779,12.9723,-7.49818,-12.6518,2.3226,-1.29765,-4.61822,1
3.90763,18.6141,5.00693,-13.4929,13.5481,-8.29171,-12.1931,3.41445,-1.93972,-6.59151,1
2.86135,20.9612,5.22894,-13.2775,12.9026,-8.82739,-11.6598,4.09267,-2.27758,-7.3188,1
3.85074,20.698,4.25122,-14.2548,11.4571,-10.1722,-12.2724,5.12721,-1.65054,-6.95409,1
4.50077,21.5237,5.81606,-13.6415,9.59965,-8.80924,-11.5799,5.06285,-0.808586,-6.20384,1
3.55586,22.8892,4.87528,-14.208,8.63712,-10.6563,-10.9887,5.27314,-1.9407,-6.81652,1
2.04941,22.9912,5.14193,-14.9443,10.1539,-11.1541,-8.93726,4.95302,-0.282623,-5.29037,1
2.84449,23.6988,5.10501,-15.8853,10.7156,-13.2248,-10.0266,5.44329,-0.67843,-4.13574,1
2.84497,23.1321,6.69302,-15.6163,11.3584,-14.7068,-9.86251,5.00351,-0.698008,-3.84143,1
2.01444,23.786,5.7762,-16.0458,11.1746,-16.2313,-9.74773,3.88738,-0.0111123,-2.18122,1
3.75815,22.7792,5.21545,-15.8432,11.6429,-17.0358,-9.02212,4.44741,1.2337,-0.960096,1
2.51767,23.108,2.01754,-15.1724,11.6876,-16.8545,-7.57471,4.92612,2.51658,-1.56911,1
1.0512,21.5971,2.10093,-13.8645,10.7079,-17.6051,-7.7407,5.0126,2.04013,-2.23002,1
2.98978,23.0424,3.19796,-13.8067,9.1935,-17.9387,-7.64313,4.69261,1.89191,-2.29048,1
3.83053,23.4751,2.41754,-13.5573,12.0048,-17.3563,-8.45572,4.44343,1.65072,-2.10495,1
4.1608,23.2712,1.98238,-12.4583,12.153,-16.4232,-8.58557,3.38676,2.78661,-0.940813,1
5.05791,21.0713,2.61747,-11.4448,12.1227,-16.3806,-8.26328,2.47988,1.8896,-0.495203,1
5.02117,20.1198,2.98567,-10.7861,12.5705,-17.5074,-9.38471,2.42327,-0.105272,0.506138,1
5.28287,21.0306,2.75911,-12.7511,13.1542,-18.1416,-8.98511,2.37543,-0.912547,-0.148351,1
3.9286,21.9336,1.04905,-13.8596,13.2125,-16.468,-8.10064,0.590096,-1.26982,0.810971,1
3.94847,20.7988,1.36455,-12.9508,14.0137,-17.8323,-7.93507,-0.303981,-0.977956,0.775282,1
3.3664,22.3211,3.0106,-14.074,14.9285,-19.1437,-8.15288,0.620012,-0.568769,-0.272409,1
4.47529,22.1741,1.56389,-13.1849,15.0111,-20.9113,-8.86265,2.03098,-0.513969,1.66231,1
5.62113,23.088,-0.315048,-14.4549,14.5331,-21.682,-8.15876,1.13609,0.756831,0.60141,1
4.76326,24.9956,0.126146,-15.7081,13.9313,-21.51,-8.26632,1.73862,-0.327776,0.707482,1
5.20419,25.3166,-1.45254,-14.9901,13.9426,-21.5535,-7.269,1.81392,-0.0175615,0.083957,1
6.10438,24.8004,-0.537769,-15.5431,12.5789,-19.3034,-7.57775,1.55923,0.112366,1.23132,1
6.22269,23.6227,-0.576617,-14.6511,11.465,-20.1472,-8.30733,1.33279,0.559724,2.45371,1
6.2496,25.1469,-1.41872,-14.0176,11.445,-20.0246,-8.38841,2.11791,-1.30312,0.797648,1
6.10732,25.0394,-2.46405,-14.1595,13.4696,-21.7336,-7.96144,0.601657,-3.03488,0.792111,1
6.65048,25.7464,-1.34333,-14.0071,13.1036,-22.1951,-8.72071,0.275054,-4.19645,1.09474,1
6.40061,26.0913,-1.26967,-14.9617,11.8459,-22.3363,-9.87244,0.42636,-4.81906,1.70101,1
5.31922,26.8404,-2.36699,-14.505,10.9809,-22.1498,-9.80555,2.69827,-3.75452,2.36925,1
5.74614,28.1919,-2.90968,-14.8894,12.4622,-22.6468,-8.92241,1.97502,-3.12097,3.73278,1
6.84724,29.6853,-4.00998,-14.3601,15.3619,-23.9923,-6.63232,1.79794,-2.78318,2.99821,1
7.16052,30.2702,-5.95744,-12.4606,14.8099,-25.3151,-6.9594,3.00311,-1.39659,2.48689,1
8.38706,28.5546,-7.58363,-11.7853,13.8036,-26.9699,-7.9291,4.98903,-1.51905,1.70076,1
8.64176,28.4833,-6.68264,-10.5217,13.9256,-28.1309,-6.67383,5.69174,-2.88826,2.11375,1
8.23002,27.5783,-5.6032,-10.1053,12.1893,-27.6554,-5.60216,5.41865,-3.27822,1.89885,1
7.47206,26.0306,-4.37561,-11.2502,12.6626,-26.8021,-6.82145,3.86134,-2.85829,2.18194,1
6.97189,24.5256,-3.7574,-12.5008,12.4774,-27.6488,-5.54351,3.13633,-2.65096,3.29827,1
7.24425,22.885,-3.99024,-12.9519,12.3872,-29.2995,-5.4732,2.53585,-4.24198,4.26678,1
8.25227,24.1372,-2.40101,-13.8625,10.7197,-30.2604,-7.79118,2.10773,-3.26293,2.9054,1
8.94109,22.9356,-1.60761,-14.373,11.0253,-30.3126,-8.993,2.74693,-3.49495,3.43341,1
7.62712,23.398,-2.09987,-14.8584,10.7085,-28.569,-9.80434,3.19885,-2.11875,2.09951,1
7.58882,23.4479,-2.27176,-13.4821,11.5878,-29.3365,-8.4803,2.42921,-1.76924,2.30149,1
6.49179,24.793,-2.35653,-12.6969,11.8903,-29.2068,-8.82987,2.89281,-0.930922,1.30184,1
5.81244,24.004,-2.79588,-13.5447,12.4349,-28.625,-9.98611,2.70057,-0.928459,2.05352,1
5.97934,23.4524,-2.76393,-11.944,13.0678,-26.98,-10.9406,4.07342,-0.743376,1.84977,1
4.40743,24.1007,-1.5953,-12.2774,11.9015,-27.8763,-10.924,5.44052,-0.660991,0.75358,1
5.58584,23.1479,-1.3294,-11.8269,12.3582,-27.6699,-12.3792,6.13873,-2.50531,0.32931,1
6.15837,23.9427,-3.62692,-12.6305,12.1072,-25.6056,-12.0789,7.22736,-1.45869,2.39485,1
5.05547,24.6433,-3.3169,-12.6275,10.4351,-25.8186,-12.8998,5.99221,-2.06996,2.81457,1
5.35929,24.2692,-4.2472,-12.5685,12.7223,-26.8771,-12.3038,5.82937,-2.94303,3.58925,1
5.7096,22.4049,-2.77416,-13.2772,12.821,-25.2446,-12.5924,6.08825,-1.46337,3.73285,1
6.52483,22.9861,-4.00391,-11.7619,12.65,-25.4296,-11.7866,5.63274,-1.12921,3.70696,1
6.51447,22.8967,-3.36387,-11.5055,11.1672,-25.298,-12.6262,4.98119,0.111868,3.66326,1
7.81755,24.4556,-3.34517,-11.4128,11.9657,-24.1062,-12.4602,6.73321,1.14373,4.33495,1
9.20044,24.5422,-4.62281,-12.4398,11.1612,-24.5247,-11.8397,7.04929,0.243535,4.43646,1
10.0255,24.6648,-3.5711,-14.0716,11.863,-24.3851,-12.8281,6.10486,-0.982615,2.95789,1
9.49935,24.6256,-4.13003,-14.0427,12.1924,-24.3898,-11.7996,4.71299,-0.732699,3.1177,1
9.6902,26.8125,-5.03426,-12.7051,11.9801,-25.4568,-13.0122,6.06967,0.319247,4.5539,1
9.73635,26.8356,-4.93559,-13.1335,12.6112,-25.396,-13.0848,6.95112,0.9171,3.97266,1
8.65328,26.2102,-5.62161,-11.9239,14.1869,-27.0054,-13.0907,5.70946,1.74226,3.40152,1
9.41666,27.2843,-5.7652,-13.4752,13.2058,-26.3108,-12.5326,5.36612,2.22904,3.08415,1
10.3949,27.9432,-6.31857,-13.1591,14.3026,-24.6973,-12.4217,6.67716,3.58714,1.8317,1
9.69995,28.0248,-5.66341,-13.8387,13.5885,-25.0934,-12.3986,7.34556,4.15971,2.09106,1
10.2455,27.1731,-7.47688,-13.2421,14.2166,-24.77,-11.8341,8.97659,4.05229,1.5729,1
12.6932,27.2887,-6.4493,-13.2797,14.6686,-25.6215,-12.3648,7.97373,3.31861,0.508579,1
11.5039,27.0384,-6.50876,-13.2116,15.7806,-25.4719,-12.9282,8.35094,2.94563,2.46211,1
10.8771,27.643,-6.95912,-12.6732,14.0205,-24.853,-11.6357,7.84373,3.58678,1.17786,1
10.5239,27.2749,-6.97333,-12.3611,13.5148,-25.6643,-10.0808,7.22887,2.02439,-0.667589,1
9.65459,26.9505,-6.46577,-13.4899,13.5509,-26.127,-10.4873,6.44247,1.82695,0.0390668,1
10.5452,27.7957,-6.79684,-12.2972,13.3019,-25.9945,-9.63595,9.0243,0.661947,-1.29583,1
10.0082,29.0012,-6.11908,-12.5484,14.1508,-25.0699,-9.89969,7.96627,0.292788,-0.886549,1
10.6977,29.1999,-6.70428,-13.677,11.3315,-24.8417,-8.79334,9.004,-0.29431,0.062144,1
11.6482,29.3871,-6.69451,-15.1878,12.4863,-24.5034,-8.11554,7.83353,-1.12013,0.289885,1
12.3602,29.8439,-5.46789,-15.6873,10.4797,-24.1823,-6.2811,7.37158,0.267078,1.2725,1
13.1126,30.1,-6.71474,-15.5801,10.3648,-22.7821,-7.04589,7.2979,-1.21761,3.2367,1
13.9295,31.3509,-6.8011,-14.1252,9.52306,-22.7147,-7.0125,7.78138,-1.49546,2.49272,1
14.5291,31.4442,-6.9403,-14.5812,10.3257,-22.8801,-6.40069,8.1391,-1.40335,3.01217,1
15.6345,29.1928,-5.57113,-13.1445,8.21058,-22.589,-4.61407,7.58425,-2.27312,3.76797,1
14.0011,30.0756,-5.70424,-13.4453,8.85665,-21.8105,-7.02402,7.34525,-2.8668,2.93784,1
15.1536,31.1277,-5.27936,-13.1244,9.94089,-21.3259,-7.69894,7.50644,-1.80441,4.10171,1
13.9793,30.4325,-6.43702,-13.7146,10.4108,-20.7853,-7.70282,6.51576,-1.23783,3.4051,1
12.4587,29.2226,-6.11887,-13.999,10.6128,-21.1505,-7.61006,6.86999,-2.0188,3.4599,1
10.6303,29.3805,-6.99977,-12.2567,11.5739,-22.5076,-8.01397,7.81322,-1.92764,4.59855,1
10.3915,30.6778,-7.12769,-12.4875,9.84885,-22.5002,-8.92631,7.42047,-1.46909,3.18867,1
10.5716,30.3592,-8.68747,-13.004,11.6911,-23.9964,-7.94283,7.20816,0.0612933,3.05734,1
10.8135,30.532,-8.93653,-11.6512,11.7062,-23.1409,-8.40413,7.21646,-0.621826,3.04335,1
11.179,31.2138,-9.36453,-9.16964,12.9223,-23.538,-8.34207,7.94109,-2.01753,2.70817,1
12.7016,33.9085,-8.84078,-9.94709,12.5188,-23.0259,-9.74088,7.49646,-3.95501,2.5694,1
10.4109,33.5778,-7.76909,-9.85902,11.2974,-23.8373,-8.09695,6.80627,-3.57479,4.32236,1
10.6562,33.2301,-7.81317,-11.1948,10.069,-22.6059,-5.867,6.72751,-2.74619,4.55201,1
11.0547,35.113,-8.35675,-12.0908,9.59804,-22.4539,-6.03132,6.8152,-3.44351,4.60991,1
11.6306,36.29,-9.63632,-12.2964,11.4392,-23.0072,-4.58678,4.99411,-2.49096,5.51951,1
9.84567,37.2275,-9.24034,-11.4177,11.1567,-21.6067,-4.73446,5.62838,-3.76973,5.64992,1
9.65151,36.3607,-9.52639,-11.0517,10.6653,-22.0628,-3.57284,6.85999,-2.62488,5.63375,1
10.1349,34.7612,-10.438,-10.7457,12.0588,-23.4024,-4.38478,7.52171,-1.95915,4.9335,1
9.44364,34.0569,-9.60109,-10.0525,12.2323,-23.377,-4.2446,6.05737,-1.68129,4.66287,1
8.73792,33.8271,-9.12321,-8.86003,11.7745,-23.4207,-4.3484,5.50186,-2.14988,5.9462,1
9.85963,34.0181,-7.36296,-7.3302,11.2273,-23.5748,-4.45368,4.03899,-3.61127,6.00733,1
8.81913,33.816,-8.86363,-8.06637,10.4447,-23.3762,-5.06742,3.83837,-2.91143,7.41121,1
7.52715,33.5393,-9.38026,-8.34374,9.93761,-22.7179,-4.36345,4.13679,-2.89307,7.05198,1
6.2314,34.59,-8.97169,-9.42498,9.4941,-21.6843,-3.00931,5.20411,-3.44078,6.26666,1
8.1579,33.5804,-9.88803,-10.1264,8.94069,-21.5703,-2.60325,4.68788,-3.77881,6.18025,1
6.97633,34.1407,-8.98524,-10.7869,8.50677,-22.1025,-3.98481,5.90097,-4.19108,5.63222,1
7.27516,33.3948,-8.66097,-9.4781,8.3218,-22.6678,-3.21071,6.66155,-2.79051,5.52507,1
6.42803,30.7542,-7.59015,-9.42187,9.59769,-23.1678,-1.76265,6.63687,-2.02037,6.71282,1
5.2436,28.9148,-7.53998,-8.51291,8.90743,-23.5885,0.146559,7.47279,-1.26617,8.5213,1
5.1652,31.3952,-6.82243,-8.75841,9.01556,-22.2791,-1.43421,7.49187,-1.74441,8.9304,1
5.17781,33.6028,-8.6465,-11.1414,7.96205,-23.0386,0.0659851,5.74769,-2.04317,8.42559,1
4.88806,35.1441,-8.1983,-9.84662,8.37113,-24.0298,0.947871,7.02595,-3.09996,9.12952,1
6.6901,36.4315,-9.45809,-9.63795,8.21184,-23.7575,-0.678038,7.37778,-4.2701,8.95296,1
7.01262,37.1032,-10.098,-8.60567,8.36921,-23.7571,-0.66166,8.14489,-3.07625,9.11671,1
5.86665,36.6987,-10.3091,-8.14786,5.1957,-23.8991,-1.00214,7.59857,-2.30703,10.3122,1
5.7521,35.7083,-11.4898,-6.12889,6.82999,-24.7883,-1.92507,8.47311,-2.24637,8.02579,1
5.16008,36.691,-10.5547,-5.47757,7.65013,-24.4093,-2.4486,8.83661,-2.83776,10.0488,1
6.32801,37.0227,-10.7405,-6.00122,6.87828,-24.4348,-2.717,8.64664,-2.59656,8.75061,1
5.9897,38.7225,-12.2003,-5.34443,6.49913,-24.0055,-3.36711,9.51453,-3.07578,8.82448,1
6.79179,39.9922,-11.895,-5.27978,6.41513,-23.5554,-3.31794,9.27963,-4.42999,7.45036,1
7.5086,39.8689,-11.4978,-5.56399,7.83959,-22.2071,-3.92704,9.68288,-4.51832,8.02446,1
8.69916,37.9789,-12.4753,-5.8977,8.80049,-22.0964,-4.1525,10.9045,-4.18437,6.90774,1
7.77049,38.1468,-11.1004,-3.62494,10.1565,-21.8622,-4.04044,12.7997,-3.34039,7.44104,1
7.25655,37.9783,-11.6011,-4.58589,11.7846,-21.0161,-3.5475,11.852,-5.52222,7.64967,1
8.14654,40.5924,-12.9192,-4.39858,12.8128,-19.571,-1.82877,10.2746,-5.55944,8.75328,1
8.33378,41.6376,-14.4448,-3.6153,12.5102,-21.5573,-0.824033,10.2835,-5.09143,7.9581,1
8.06115,41.7033,-15.4512,-4.19144,12.6161,-23.452,-0.694533,10.8541,-5.37229,8.84679,1
8.53868,41.2697,-17.1296,-4.19397,10.1618,-20.8661,-2.26766,10.9685,-5.37667,10.2688,1
9.82971,43.3328,-16.6512,-5.81278,10.034,-21.0464,-4.02353,11.5964,-6.83739,9.79111,1
9.85102,43.1878,-16.2615,-5.26193,9.36462,-19.8406,-3.64308,13.2845,-5.86503,10.2181,1
9.08049,41.918,-16.7115,-6.7848,11.3284,-20.8992,-2.24089,12.4758,-6.5325,8.72025,1
9.32664,40.9365,-16.168,-7.32084,10.3227,-19.6482,-2.3242,12.4439,-7.40847,9.66954,1
9.48703,40.4758,-15.9836,-9.1726,9.36117,-19.4049,-2.54162,15.0165,-5.83895,9.95721,1
9.70373,40.3839,-15.0159,-10.3105,9.27327,-19.6758,-3.04703,14.122,-6.07858,11.0643,1
9.48201,39.3707,-14.5099,-9.80785,9.19675,-19.4013,-3.24726,15.4104,-6.54062,12.0997,1
10.4136,36.9209,-14.5608,-7.75885,8.71144,-19.6018,-2.84993,16.7664,-7.46322,12.0724,1
10.453,37.0047,-14.1639,-6.66224,8.09168,-20.7929,-3.98893,15.7123,-6.53976,11.6087,1
9.65245,36.134,-15.9293,-7.06831,7.44586,-20.9265,-3.61856,16.303,-5.67825,11.4514,1
9.94217,34.8033,-15.9502,-6.50336,5.74867,-19.8148,-3.64974,16.3535,-5.50196,11.9925,1
8.5585,34.3909,-16.4749,-6.5706,6.7105,-20.5389,-5.17101,16.9912,-5.906,13.2254,1
9.74361,34.5826,-17.7582,-7.63772,7.40078,-19.844,-4.49288,14.7071,-6.55599,12.9667,1
11.7424,35.7047,-18.1715,-6.97686,5.41742,-19.9335,-5.8949,15.2895,-6.98167,12.1651,1
10.4691,36.1574,-18.0609,-6.13042,6.1265,-20.553,-6.49983,15.8381,-4.8631,12.1465,1
9.52733,34.915,-19.8596,-6.57112,5.38275,-21.298,-6.16882,15.4121,-3.99283,12.8435,1
9.80419,35.5095,-20.3802,-8.53312,5.13105,-20.185,-8.37568,15.1912,-4.48291,11.5739,1
10.0565,34.1765,-20.9084,-8.39551,5.37427,-20.5909,-7.67048,15.0097,-2.92103,12.0555,1
8.77188,33.9711,-20.3444,-7.86667,4.64943,-20.4565,-6.99457,14.9335,-2.50018,12.2496,1
8.07303,32.5719,-19.7153,-6.3448,5.65963,-20.6179,-6.74039,15.2651,-1.9513,13.7458,1
9.15625,34.8147,-20.7577,-6.24228,7.21008,-20.177,-4.99039,13.3631,-2.49096,13.1446,1
9.68746,34.8721,-21.6979,-6.01113,6.36208,-19.8918,-5.05853,13.4107,-1.37562,13.1685,1
11.3603,33.5898,-19.8455,-6.87392,6.41409,-19.5941,-5.18074,13.0063,-2.71671,13.5858,1
11.7585,35.5176,-18.8859,-7.83103,6.10272,-20.2714,-5.10553,11.8531,-1.03351,12.1081,1
9.83203,36.2057,-18.3874,-8.32444,6.24757,-21.5172,-6.62781,11.3118,-0.872555,11.7588,1
11.8151,33.9281,-17.0873,-6.96862,7.24555,-22.6943,-7.05846,10.7782,-0.675487,12.0569,1
12.6731,33.8379,-18.923,-6.65923,7.86699,-22.1323,-8.63595,10.6572,0.557208,12.5397,1
10.9727,34.0119,-19.3181,-7.92691,7.75248,-23.0334,-8.58537,11.9767,0.231421,13.8012,1
11.2592,33.2231,-19.2135,-8.45878,8.45783,-23.9204,-8.63498,11.6395,-0.670867,14.2054,1
11.1757,34.2667,-18.1774,-7.00663,7.58772,-24.2015,-8.66868,10.5631,-1.83059,14.5629,1
9.77603,32.3087,-17.5189,-6.74901,8.31864,-24.0816,-8.88768,10.296,-1.56557,13.5645,1
9.09255,33.3103,-17.17,-6.92016,8.7528,-22.7137,-10.44,9.52561,-0.553528,13.9962,1
9.0621,34.0059,-17.5634,-6.83436,7.81057,-25.0382,-9.11756,8.22085,-0.0456718,15.3578,1
10.7797,33.9035,-17.1356,-7.79236,7.77074,-23.1939,-7.94478,8.46326,-0.160797,13.5806,1
10.5909,34.7759,-19.0622,-7.13986,8.54405,-23.4195,-8.02128,8.04674,-0.658129,13.0759,1
11.8361,34.2984,-18.0439,-6.99783,9.35381,-23.4101,-7.30712,8.58432,-0.578335,13.188,1
10.7609,33.4556,-18.7122,-7.88917,9.62706,-24.2145,-6.62995,8.23266,-2.21819,15.0012,1
8.84683,34.2356,-19.2187,-7.09253,9.3303,-24.3144,-7.02636,8.66509,0.00218837,13.9616,1
8.7986,34.3642,-19.6434,-7.64763,9.40294,-22.4758,-7.32999,8.41978,-1.14018,15.1633,1
6.93078,32.7853,-17.7016,-8.14239,9.01038,-24.6765,-6.77001,7.74652,-2.13211,15.024,1
6.54229,32.4802,-16.9118,-6.63469,8.00656,-24.1774,-7.72317,7.90816,-2.00876,15.6624,1
6.42338,32.4535,-16.5429,-7.04558,6.18909,-23.6915,-6.87491,7.25987,-1.38227,15.5388,1
6.84797,31.1711,-16.4013,-5.31018,7.51279,-23.2293,-7.77982,7.70594,-2.43097,15.5613,1
7.29419,31.5273,-16.5356,-5.8227,7.74271,-24.0319,-9.33276,8.48714,-3.04336,14.6857,1
8.78713,33.9706,-18.7136,-6.60999,8.61286,-26.1772,-9.44292,8.44617,-1.93583,14.5096,1
9.07154,33.8109,-19.1929,-6.62805,8.86701,-26.6261,-9.12072,9.56181,-2.05411,14.7449,1
6.58199,32.355,-19.0219,-8.11198,10.4966,-26.1687,-8.35655,11.0153,-3.8425,12.717,1
6.39135,33.2331,-20.9359,-6.93627,11.5391,-25.1224,-7.92432,11.2496,-3.93394,11.9516,1
5.87803,30.6553,-21.4619,-6.47692,11.0703,-27.7433,-9.5096,11.0439,-3.37992,10.6549,1
6.33937,30.3322,-20.9044,-7.77241,9.85488,-27.4792,-9.74554,11.0619,-3.89608,10.736,1
7.13002,31.0745,-20.0231,-7.91656,8.54973,-27.4887,-9.5288,10.4345,-4.2751,10.1155,1
7.73162,32.8842,-21.5558,-7.52248,8.97212,-26.7533,-10.1344,10.3146,-3.36767,8.79369,1
7.03493,31.5649,-22.4479,-9.05136,8.81463,-25.6178,-8.79927,10.9253,-3.75294,10.0321,1
6.05445,32.9999,-21.978,-9.85309,8.60346,-25.1822,-7.11581,11.2604,-3.78124,8.14707,1
5.58549,31.7034,-21.6146,-10.1053,8.67623,-26.3974,-5.24272,11.6223,-1.90108,8.90957,1
6.59834,32.2922,-21.8025,-10.9545,9.10151,-25.6809,-6.64817,13.0644,-1.26842,10.2149,1
6.30797,32.615,-21.2963,-9.35383,8.53297,-26.6693,-6.69182,14.2368,-0.488708,11.0017,1
6.31097,31.4329,-20.6988,-9.03809,7.82104,-26.9405,-6.92511,15.3158,0.736936,10.3034,1
6.4335,30.6372,-21.3371,-9.20887,9.45237,-26.8468,-6.14185,16.5852,0.365495,9.49039,1
6.04713,30.4716,-20.8437,-9.84056,9.34726,-26.5573,-4.99634,16.7091,-1.02185,11.3971,1
7.42722,30.3222,-21.8122,-10.5975,8.82835,-28.0874,-2.94652,18.5385,-0.77954,12.1657,1
6.31625,29.9453,-21.6517,-9.15012,8.83371,-29.3681,-2.47481,18.529,1.3422,11.6735,1
6.43761,30.5936,-20.7337,-9.81995,8.84311,-28.687,-2.47132,18.3958,1.70796,13.175,1
6.78312,30.0532,-21.1543,-10.7062,9.10792,-29.6727,-2.56303,18.3789,3.20711,13.2945,1
8.16812,29.5176,-20.4499,-11.5165,9.30015,-28.5336,-3.11598,17.8595,1.39885,13.8636,1
8.7788,29.321,-20.8698,-10.601,8.9012,-26.3354,-2.33134,17.7956,1.21262,14.0327,1
7.28804,29.4521,-19.5811,-9.54198,8.9043,-27.5699,-1.65078,19.3317,1.08416,13.698,1
7.50584,30.5648,-20.8758,-10.2704,9.82426,-27.2343,-0.179479,18.8023,0.872231,15.2482,1
8.0607,30.1869,-20.7094,-10.2472,9.99243,-26.4854,-0.147813,19.3882,2.13774,15.5717,1
7.57157,29.7185,-21.8209,-10.1056,9.66965,-26.9006,-0.987222,20.9153,2.3905,16.603,1
7.41205,29.3242,-20.3759,-10.617,8.74115,-26.5368,-3.21785,21.8427,2.23033,15.5241,1
7.89646,30.1769,-19.1598,-10.2639,8.36228,-26.5947,-3.35256,22.6043,4.07386,14.6953,1
7.72652,30.8663,-21.6771,-9.93685,8.40642,-26.3447,-2.88718,22.0118,4.80679,15.0875,1
9.12686,31.1149,-21.273,-10.0338,9.15088,-26.9362,-1.67572,21.6727,4.84337,15.1521,1
9.70364,29.9904,-21.7977,-8.42748,8.91609,-25.8892,-1.05374,21.9711,4.27884,14.6748,1
10.9368,30.2496,-22.7448,-7.71528,8.79826,-26.1588,-1.02343,22.5817,5.09249,13.0544,1
12.1599,30.9256,-23.321,-7.61967,9.81061,-25.7893,-2.31789,22.0603,4.0055,12.9839,1
12.2341,31.0116,-24.1343,-7.12056,10.8561,-26.4221,-0.772662,22.5929,4.95467,12.4913,1
13.0129,31.1642,-22.4736,-7.92973,10.2186,-26.6873,-0.556032,22.8646,5.07105,12.8831,1
12.8799,32.0885,-19.7096,-7.33339,9.55885,-28.2078,-0.596018,24.1354,3.44577,13.6934,1
13.3905,33.5827,-19.8899,-7.96371,10.9066,-28.0445,1.34871,23.5972,4.07356,13.5694,1
14.0211,35.6187,-22.7702,-9.60709,13.1013,-27.2469,1.6511,23.6967,3.68232,13.3506,1
14.3071,37.4963,-21.5178,-7.84486,13.2885,-27.8138,1.56371,24.1401,3.08561,12.9582,1
13.6793,36.8123,-20.697,-9.66145,13.3914,-28.4636,3.02603,23.6162,3.02119,14.0358,1
12.7179,37.2695,-20.5728,-10.6303,11.2674,-28.7439,2.54988,24.5928,3.45884,14.9769,1
13.3605,36.3292,-21.3711,-9.83005,12.1481,-27.7139,1.14878,25.2383,2.36836,14.5782,1
13.2876,35.8126,-22.3617,-9.19082,12.3896,-25.9226,1.98163,27.5246,1.5174,13.5393,1
13.421,37.642,-22.0982,-8.31962,12.1049,-27.9756,4.39516,26.8853,2.47394,13.5912,1
13.4457,38.0889,-21.814,-9.31184,12.8166,-26.7386,3.57891,28.4644,2.21255,15.6852,1
13.023,38.8695,-21.1541,-9.52426,13.2178,-28.5093,4.40871,29.8874,2.30116,16.4773,1
13.3075,39.8807,-20.9272,-9.21575,14.1391,-27.3994,4.7197,27.8487,3.33656,16.3886,1
10.6944,39.6262,-20.5024,-8.99662,14.1558,-27.8024,2.95528,27.6654,5.02268,17.762,1
10.7352,39.9318,-20.6941,-9.0579,13.0172,-27.0377,1.46713,27.9381,6.69257,17.0709,1
9.8943,39.8864,-19.1822,-10.563,13.2786,-26.2526,0.136858,28.3194,8.50505,17.346,1
9.87594,39.4468,-20.6206,-11.5343,13.8717,-25.8293,1.05651,28.0048,7.06883,17.4772,1
9.29875,38.1549,-21.1129,-9.92287,13.8771,-25.0189,0.101382,27.5812,6.95143,19.1696,1
11.3691,37.4121,-21.3867,-9.89479,15.056,-25.4457,-0.199047,28.8157,7.97425,18.4624,1
11.1483,36.4693,-21.9653,-8.11901,14.5505,-26.0402,-0.520125,28.4254,9.33032,18.7091,1
11.0747,35.7742,-21.574,-7.0375,12.4165,-25.7863,-1.51458,28.488,9.75181,17.8771,1
9.97268,35.459,-21.1851,-9.23593,12.5002,-26.3558,-1.11747,28.6698,8.88648,17.4893,1
10.0036,36.0011,-20.5862,-9.28916,13.0076,-25.946,-1.19544,30.5583,9.20017,15.3581,1
9.80202,37.1191,-21.2019,-10.0108,13.8457,-27.9587,-0.5115,30.5445,10.7527,14.0579,1
9.79951,37.4763,-19.1507,-9.17116,14.3345,-27.9387,1.96002,30.2145,10.9648,14.4564,1
8.36533,38.4715,-18.2161,-8.81372,14.2802,-30.4548,2.25682,30.7854,10.4558,13.104,1
6.55763,36.3546,-18.3947,-11.7457,15.1088,-29.8584,4.08714,30.4925,9.9796,13.4793,1
6.27494,34.5846,-19.624,-11.3072,13.1034,-30.0401,4.02409,29.463,9.4052,14.5775,1
6.14836,34.5792,-21.1675,-11.1696,12.9562,-29.8902,1.55058,27.2097,9.22099,12.7137,1
5.63897,35.8841,-20.9282,-11.2839,14.0168,-30.1127,2.48252,26.5575,9.92689,11.1985,1
5.70288,36.1422,-21.7625,-11.7832,14.7988,-30.5776,3.54451,27.764,7.94616,10.0922,1
4.98089,34.9486,-20.9265,-10.307,16.1191,-30.9925,4.31087,27.7102,7.50055,10.0532,1
6.36054,34.9924,-20.159,-8.61562,15.8888,-31.8943,4.75917,27.9351,7.70229,9.86642,1
6.11774,34.9927,-20.8272,-8.44987,13.6895,-31.8733,4.82341,27.2509,5.3443,9.8121,1
7.6194,35.6068,-20.6352,-8.96441,13.4992,-31.5209,5.19301,27.2503,4.44493,8.76827,1
8.03292,35.6363,-21.4791,-9.27786,13.801,-32.7016,4.86699,28.3538,3.25146,9.80825,1
7.97824,36.4191,-22.6799,-10.488,14.0553,-32.091,6.07153,30.564,5.50162,10.1174,1
6.36476,37.8582,-22.9307,-10.2373,12.9299,-31.7848,5.95538,32.8316,4.90934,9.93702,1
7.90554,38.1292,-20.8376,-11.3913,13.8498,-32.6989,4.1785,32.8216,4.39981,9.14095,1
9.13315,37.9414,-21.1892,-12.11,13.2771,-32.9969,5.01691,32.5576,5.06391,8.55517,1
11.0507,39.0679,-19.554,-9.57703,12.9871,-32.8324,5.43707,31.6783,4.51166,9.2169,1
9.4112,38.1495,-19.5769,-9.43621,12.5368,-32.3772,4.67137,31.4354,3.57038,10.4112,1
10.2736,37.8871,-18.8879,-9.10469,12.4161,-32.0138,3.47038,31.5115,1.72344,9.42724,1
10.4542,39.0416,-18.1097,-9.7896,12.9384,-31.0744,3.53843,31.9662,1.69114,9.20674,1
12.7196,39.1134,-18.793,-9.85199,14.3783,-30.1421,3.117,33.1377,1.69381,8.49659,1
11.6297,39.2385,-18.0777,-9.61767,12.7835,-28.7315,2.1404,33.4084,1.79237,7.99083,1
12.0862,38.7379,-19.4712,-10.2235,13.3343,-30.9293,1.12931,32.5786,1.11624,7.69481,1
10.2018,38.2504,-18.9198,-10.1644,12.3529,-29.856,-1.31199,33.0426,1.22661,7.84124,1
10.3365,37.3192,-20.063,-12.3709,13.6338,-28.4797,-0.332563,33.0454,1.50617,6.17724,1
10.2431,37.2598,-20.094,-11.7965,12.5451,-26.7771,0.151648,32.3671,0.428645,7.1511,1
9.03556,34.6467,-20.4447,-11.6989,12.0317,-25.1606,0.181723,32.0996,0.101452,6.90413,1
9.31091,34.6356,-20.6656,-10.3951,11.5305,-25.1708,-0.724033,32.2968,1.76267,9.50227,1
8.17001,32.9108,-22.8287,-11.1287,10.8325,-24.5197,0.515528,31.7443,2.5239,10.1375,1
7.70715,32.0362,-22.991,-10.3605,11.2293,-23.718,-0.564025,29.4146,2.17433,9.8506,1
9.02984,33.7242,-21.6387,-9.40821,11.1281,-23.4905,2.80495,28.8563,0.965254,10.9708,1
8.22498,34.6217,-20.585,-9.6622,8.80993,-22.3363,2.37483,27.3817,1.5753,12.3003,1
8.9986,33.8217,-21.7085,-10.5743,8.22976,-23.0657,1.37426,25.9356,1.22138,11.302,1
7.69206,35.0601,-24.464,-11.1395,8.53743,-22.6201,0.685483,27.5862,3.25782,11.7087,1
6.3742,36.1205,-22.3268,-9.2582,9.63805,-23.6818,0.144515,27.4091,3.03114,11.9162,1
5.90769,36.6013,-22.7001,-8.72164,7.78388,-22.4155,-0.439912,27.5641,1.72945,12.3368,1
6.40615,38.1484,-22.6029,-8.83341,8.051,-22.1449,-0.499446,28.103,0.457207,12.7574,1
7.15598,38.9353,-23.1354,-8.5254,6.78426,-22.7222,-0.72302,29.5727,-0.400389,11.8695,1
6.84159,41.1192,-24.4529,-7.80356,5.63438,-23.3859,0.0956833,30.3479,-0.542977,11.5869,1
7.85752,40.6998,-22.8617,-7.55805,4.46801,-23.2065,0.874037,31.4725,-0.416396,9.57363,1
8.1505,40.0582,-24.0482,-6.26745,3.99706,-23.1691,2.54617,32.6424,-0.10976,9.47599,1
9.40623,38.6859,-24.4784,-5.54202,4.70223,-23.2802,1.68105,30.3984,0.193446,7.9445,1
8.41581,39.4741,-23.8294,-6.48176,3.82805,-23.2252,-0.124687,29.8209,-0.0342323,7.73922,1
6.94798,38.9005,-21.2047,-7.17558,4.53486,-22.0231,2.05478,32.8472,-0.691393,8.70357,1
7.15558,40.3719,-19.4947,-7.44878,5.50019,-21.4401,2.38476,32.4512,-0.647173,7.30678,1
7.04003,40.2603,-20.1115,-8.70509,5.41268,-20.9173,2.80678,32.7153,-1.97747,7.29446,1
6.91626,40.0718,-20.9588,-7.66543,3.44889,-21.4497,2.79204,32.9445,-1.68521,6.7451,1
5.18149,40.8435,-22.6508,-7.49173,3.64895,-23.452,3.69568,33.731,-0.945776,7.7917,1
4.14317,40.9299,-22.0627,-7.90224,3.45333,-23.7896,3.63655,33.2354,0.458571,7.65958,1
5.37928,40.905,-22.3394,-7.87844,4.42499,-23.8166,3.6224,32.9599,-0.855123,7.16525,1
6.26014,38.9699,-22.3333,-6.94958,5.05109,-23.8331,3.96585,33.9742,-1.36346,6.29868,1
5.99597,40.8581,-23.3532,-7.12071,6.06052,-25.2662,6.25704,35.678,-1.43388,6.85535,1
6.25698,40.9613,-23.0752,-6.7892,7.73825,-26.6614,6.0186,35.4391,-2.38542,7.17647,1
6.67765,40.7111,-21.0276,-7.78539,7.73884,-25.5766,7.97007,36.086,-2.74684,6.81421,1
7.70726,40.605,-22.3239,-8.21022,6.78091,-24.7375,5.23428,36.9476,-3.58599,6.23356,1
8.40657,40.2674,-20.4254,-8.73715,7.83469,-24.8799,6.10828,36.6592,-2.30485,6.08437,1
8.01944,40.2731,-21.1324,-9.0705,8.28831,-22.4751,6.1465,36.9912,-2.4483,6.64401,1
7.50394,39.2315,-19.817,-10.6217,8.68894,-23.1737,4.18058,37.4606,-3.18705,7.22081,1
7.51464,39.563,-18.4985,-9.80146,10.0753,-21.6226,4.402,38.4996,-4.88703,7.89499,1
7.23036,38.5094,-17.8949,-9.75657,10.5355,-21.6182,4.85006,38.5682,-3.96234,7.48583,1
6.91997,36.7893,-17.7601,-9.92033,9.87361,-21.2805,5.07726,39.2789,-3.71864,8.4338,1
5.88204,37.8773,-18.5494,-10.1701,9.63577,-21.7882,4.0501,39.3613,-4.31984,7.11494,1
3.99858,39.6225,-18.3293,-11.5706,10.3582,-23.0133,3.39387,38.4158,-4.90254,5.88501,1
5.56518,38.8933,-17.9946,-13.287,10.0708,-25.8323,3.68841,37.954,-4.56538,5.41648,1
4.78215,39.5797,-17.3858,-13.1094,9.53507,-26.1435,3.70937,36.7804,-4.0436,4.3073,1
6.46482,38.8534,-17.3268,-12.9933,9.63739,-25.1602,3.96014,34.4759,-4.67734,2.7637,1
5.18549,37.8568,-18.58,-11.9749,9.07559,-26.3634,4.09957,34.632,-3.18297,2.35938,1
4.90761,38.6611,-19.6035,-12.3308,9.29679,-25.9273,4.50896,34.5726,-4.08362,2.5643,1
4.55861,38.8895,-19.9989,-11.2761,10.3648,-25.7579,4.4231,35.6574,-2.75767,2.52253,1
4.87776,40.5702,-20.7051,-12.2715,9.80085,-26.7367,3.75709,34.814,-3.40228,1.2938,1
5.44813,40.0993,-21.3094,-11.894,9.67259,-27.8837,6.13771,33.5085,-2.6166,3.41812,1
5.83999,40.0692,-19.8867,-11.7098,8.66712,-27.2307,5.67499,34.2437,-4.45666,2.09718,1
6.3298,38.5692,-20.3092,-10.8153,8.37434,-26.4817,5.56106,33.3104,-6.39757,3.14669,1
5.98815,38.7408,-20.4401,-9.41088,8.44761,-27.2575,4.39897,32.9491,-6.34445,2.54148,1
5.91095,38.5142,-21.5334,-8.91082,8.79235,-27.5032,2.52572,31.452,-6.98464,1.53513,1
6.28858,37.6027,-21.6682,-8.1542,7.57508,-28.115,3.12399,32.6241,-7.521,-0.00808487,1
7.16973,35.9589,-23.3866,-7.61458,7.0083,-27.6877,1.38377,32.9536,-8.27494,0.888121,1
6.2425,36.4351,-25.097,-5.91916,5.91242,-28.1122,0.720611,32.4144,-6.8775,-0.352118,1
6.62043,35.3752,-25.6154,-6.8644,6.56474,-28.6622,0.131933,33.5289,-7.89782,-1.17504,1
5.25431,35.1351,-25.1663,-9.01791,5.85015,-28.1303,-0.472011,33.1504,-8.59725,-1.96125,1
5.88845,36.7016,-23.6336,-8.71239,5.75986,-29.5214,-2.22717,32.1169,-8.96999,-2.24728,1
3.91729,38.6189,-23.7949,-5.56278,6.48086,-31.1936,-0.411479,32.6048,-8.66508,-3.41948,1
2.73385,38.9598,-23.5935,-6.42549,5.9162,-32.5473,-0.159883,32.8545,-8.82657,-3.68543,1
3.6722,39.3441,-23.6318,-6.65073,5.94631,-32.8166,-0.0197165,34.2455,-9.02316,-1.6634,1
5.26518,37.9315,-24.2478,-6.12044,5.87845,-32.2041,0.164253,31.6467,-8.29014,-0.933339,1
5.36517,37.8076,-26.1416,-7.44544,5.54702,-32.8287,-0.231659,31.8033,-7.96935,-1.31436,1
5.62905,37.7263,-24.4371,-8.87981,5.22674,-32.4962,0.0544659,31.1337,-7.68469,-0.740806,1
4.65013,37.9474,-25.9133,-8.77959,5.02371,-32.8705,-0.0042212,30.995,-5.91338,0.286257,1
4.27665,38.85,-25.7338,-9.90495,3.97076,-30.7775,-0.88895,31.4432,-4.29859,-2.55514,1
3.59817,39.3292,-26.2352,-9.07216,4.08189,-28.6661,-0.471322,31.6968,-4.36558,-4.10197,1
3.07903,37.6681,-27.6076,-8.96626,4.11837,-28.5076,-0.930015,30.9817,-3.98243,-3.22321,1
3.11775,38.5114,-27.8061,-9.43882,2.47907,-27.7148,-1.15247,30.8656,-3.2942,-2.66547,1
3.07803,38.9357,-26.4137,-8.72905,1.90549,-26.1479,-1.83685,31.9868,-4.53708,-3.03066,1
3.07815,39.9703,-26.2367,-7.29073,2.06893,-26.1969,-3.27311,31.912,-5.18681,-3.35927,1
3.04047,39.333,-26.7625,-7.19263,2.52325,-24.8234,-5.01554,31.8706,-5.92949,-3.47159,1
2.06776,37.751,-26.9327,-7.42587,3.34248,-24.8165,-4.46661,31.0242,-5.3097,-3.84398,1
2.0666,35.4454,-26.7728,-8.78235,2.25471,-25.7663,-4.19119,31.1539,-6.18896,-3.51899,1
1.61921,35.5299,-27.2794,-7.89692,2.68166,-25.3088,-4.69735,31.3842,-5.96282,-3.06356,1
3.33157,35.7291,-24.599,-8.21973,2.43532,-25.265,-3.69969,31.2139,-6.90223,-2.27656,1
1.33112,37.1544,-27.1371,-8.38905,1.46721,-26.1848,-3.90332,31.0951,-7.65569,-1.01716,1
0.862133,36.8878,-25.1731,-8.21178,3.09741,-26.0653,-5.59743,32.0218,-7.46435,-0.203536,1
0.315119,37.8086,-26.4727,-8.90913,1.92322,-25.1433,-6.33458,31.5262,-6.66568,-0.817556,1
1.02803,37.7735,-26.3946,-7.41835,1.62634,-25.5115,-6.02703,30.524,-5.56445,-1.15781,1
1.21469,36.7959,-26.7322,-7.0963,1.85137,-25.8712,-6.73819,30.7646,-7.32707,-0.265633,1
1.00084,37.4625,-27.4236,-5.50826,1.71741,-25.1898,-6.87309,30.0661,-6.68214,0.857707,1
2.08404,36.6431,-28.1354,-7.11206,1.74003,-25.3216,-7.41517,29.1981,-6.95579,0.227966,1
2.4525,35.4217,-28.9523,-7.12319,1.93283,-24.5489,-7.41281,28.575,-9.68711,1.16552,1
2.84006,36.3003,-30.5083,-8.9644,1.88167,-23.2584,-8.63736,29.6932,-10.6875,1.27326,1
2.75295,37.0518,-29.9888,-8.38518,2.67795,-24.0312,-9.36609,29.2322,-11.6565,0.232414,1
2.99796,33.7049,-30.9198,-7.76982,2.97601,-22.817,-7.83247,29.2341,-12.3179,2.37088,1
2.34323,33.5981,-31.6078,-9.38773,3.2863,-22.1323,-6.66222,28.7411,-11.2263,1.80742,1
2.39974,32.2956,-32.2013,-7.57916,3.17568,-21.8156,-8.75459,26.4869,-11.976,1.43536,1
0.829742,32.7873,-31.83,-6.22194,2.63987,-22.5199,-9.52142,27.7443,-12.1089,0.415748,1
1.64298,33.8116,-32.8514,-6.64761,1.73344,-22.5098,-8.07772,26.8477,-10.4553,-0.622835,1
1.99663,34.1768,-32.9929,-6.35281,2.40594,-22.4005,-8.33804,27.0335,-9.01749,-2.13087,1
1.91423,33.6101,-32.4364,-6.06208,2.85654,-22.4942,-9.31284,26.0142,-10.2159,-2.61633,1
0.45791,33.4753,-31.8984,-6.30424,2.72656,-24.5299,-9.25721,26.229,-8.18695,-3.52839,1
1.83499,32.4588,-32.4162,-5.44955,2.37727,-23.9619,-7.86306,26.3492,-9.24041,-2.35634,1
2.10406,31.9932,-31.5064,-4.85999,1.9877,-24.0994,-9.02698,25.5031,-10.1381,-2.70136,1
1.84366,31.8138,-33.5432,-5.06445,2.40394,-23.8888,-8.97067,25.2897,-10.4567,-2.19018,1
3.50232,32.4682,-33.4556,-5.74384,2.63144,-21.5713,-7.73827,26.0037,-9.65129,-2.35577,1
2.68051,33.7762,-34.7679,-4.76415,1.17923,-21.8077,-6.39499,26.4411,-10.2511,-3.82519,1
1.60186,35.2765,-35.8097,-4.49877,1.42253,-22.6881,-7.69171,27.3478,-9.86119,-2.94933,1
0.876296,33.6487,-35.1726,-5.68292,1.67661,-21.7589,-6.89046,27.7556,-10.4456,-0.733453,1
-1.30287,33.0522,-36.0073,-6.40762,0.54811,-19.1864,-7.83851,27.2713,-10.3257,-2.40585,1
-1.23787,34.4948,-35.9433,-6.80725,0.237581,-19.557,-8.58657,27.3725,-9.47772,-2.02372,1
-0.415075,33.5787,-36.4688,-9.43113,-1.21559,-18.8166,-9.42825,26.3855,-10.3524,-3.17035,1
-0.85766,33.5621,-35.747,-7.86413,-1.62253,-19.1918,-9.29289,26.2622,-9.66934,-3.98898,1
-1.2831,32.7059,-35.4372,-8.74729,-0.404955,-19.7813,-10.357,27.8337,-9.86503,-4.20413,1
0.840841,33.3957,-37.0212,-8.95702,-0.0468165,-17.441,-11.2925,27.4754,-9.37659,-5.01873,1
-0.492218,34.6285,-37.357,-9.63558,-0.670539,-16.6456,-11.8712,28.4669,-8.4696,-4.3987,1
-1.73774,33.6616,-35.9208,-9.69702,-1.13174,-17.6098,-13.549,28.1298,-8.04419,-3.93429,1
-1.1363,34.4187,-35.7404,-9.06193,-2.28304,-17.7346,-15.5139,29.0166,-8.86706,-4.48631,1
-0.463587,32.4625,-35.4653,-10.1389,-2.2106,-19.4498,-15.1664,28.4758,-7.13671,-6.60021,1
0.933455,33.4133,-34.6597,-11.0137,-3.39392,-18.8174,-14.0434,28.7548,-6.93324,-6.73283,1
1.61151,32.1867,-33.4688,-10.6175,-0.35981,-19.12,-13.0142,28.5672,-5.08679,-7.81528,1
2.06396,31.6939,-34.454,-8.10649,1.38418,-19.7079,-12.7138,28.0187,-5.20418,-10.2427,1
1.76887,32.4632,-35.3848,-6.78292,2.39477,-19.3754,-13.9431,27.5065,-5.69068,-10.3465,1
1.36069,32.701,-36.2301,-6.42776,4.51854,-19.9302,-14.5797,28.2025,-7.626,-10.0589,1
-0.260055,32.3992,-34.8132,-6.28109,3.85665,-18.7539,-14.8156,26.515,-6.2801,-10.9664,1
0.962536,31.9636,-35.1235,-4.42367,4.55574,-17.4156,-16.6932,27.9671,-8.4606,-10.5935,1
0.383014,32.5452,-36.6565,-3.44949,5.18145,-16.1299,-15.7868,28.7937,-7.23995,-11.5186,1
-0.902303,31.9639,-37.1087,-1.53046,5.68454,-14.9332,-15.9842,29.543,-7.12445,-10.3793,1
-1.95851,32.0751,-37.9689,-2.52273,5.66535,-15.9528,-15.1943,30.6889,-7.34172,-11.2159,1
-2.25183,32.4586,-39.5632,-2.73816,5.84186,-16.028,-15.8871,28.9524,-7.75094,-11.8732,1
-1.84988,33.981,-38.6359,-3.1763,7.85976,-15.5287,-15.132,28.1415,-8.86047,-11.2986,1
-3.38005,33.6243,-38.6294,-3.64762,7.3432,-14.8921,-17.1879,28.2536,-9.55001,-10.8221,1
-4.15024,36.1555,-37.7549,-3.49907,8.04488,-13.9435,-16.8601,27.5467,-10.2724,-10.6019,1
-5.04397,36.4926,-37.6259,-3.31129,8.26272,-14.5023,-17.6861,27.5121,-9.43919,-11.6268,1
-6.60714,36.0505,-37.3504,-3.43451,9.07906,-14.8861,-17.059,27.1386,-8.30733,-12.5865,1
-6.3147,36.2974,-37.2449,-4.40227,8.87762,-15.6982,-18.1695,27.249,-6.39667,-13.79,1
-5.52471,36.1859,-36.6759,-3.58004,10.6217,-14.0987,-18.5315,26.7687,-7.58098,-11.3573,1
-6.26732,37.5458,-38.4571,-3.6293,10.7667,-14.609,-20.7319,28.297,-7.66441,-11.4449,1
-6.89846,38.6064,-37.7716,-3.34285,11.3209,-14.2033,-20.5236,28.3981,-7.89774,-10.9288,1
-6.25864,37.7971,-36.2199,-4.28887,11.8172,-14.2283,-20.2139,29.1242,-8.87178,-10.7269,1
-6.943,38.9502,-35.7491,-6.2131,10.8596,-11.645,-18.1632,28.5401,-8.40951,-11.5789,1
-6.02387,39.3918,-36.583,-5.66362,11.6892,-12.4046,-18.4508,28.6358,-8.03652,-11.1182,1
-5.3389,38.6756,-38.0412,-5.36161,11.1492,-12.2533,-17.6975,28.441,-7.89363,-11.1888,1
-4.57798,39.057,-39.9631,-5.23358,8.91247,-13.8417,-17.7178,27.2873,-8.66118,-9.80472,1
-3.74476,40.4045,-39.4949,-4.35451,8.10727,-15.4973,-19.2141,27.2113,-8.46184,-8.47474,1
-3.07327,40.4597,-38.898,-3.85105,7.39401,-15.6599,-19.4432,26.2592,-7.83961,-8.79093,1
-3.32218,40.0883,-39.0745,-4.82695,7.80039,-16.1697,-17.0872,26.5836,-7.90026,-9.22291,1
-4.23234,38.986,-38.244,-5.04264,8.54821,-14.7299,-17.5235,23.8157,-7.03728,-8.68386,1
-2.09388,39.074,-37.5251,-6.09331,10.2637,-14.2362,-16.8548,22.1491,-7.08863,-7.49254,1
-4.1588,38.0664,-37.2451,-5.40941,10.1621,-14.8493,-16.7675,21.9178,-7.16353,-7.98716,1
-2.39813,37.6581,-38.1495,-5.62346,9.65877,-15.9161,-15.1306,21.0028,-6.70416,-6.04584,1
-3.03335,36.9676,-37.3658,-5.67789,10.1145,-13.3784,-16.331,19.7592,-7.1955,-5.50155,1
-4.14126,35.5304,-36.4502,-5.05596,8.90359,-13.5156,-17.2464,18.7516,-6.95599,-3.98128,1
-1.69939,34.529,-37.0041,-5.10385,7.26919,-14.8994,-17.7881,18.251,-5.41654,-4.74046,1
-0.729027,34.0391,-37.9251,-3.76438,8.196,-16.3346,-17.069,18.0762,-7.58527,-5.34161,1
-0.783376,35.0236,-38.0416,-3.18009,9.32081,-17.4472,-14.8014,17.9233,-8.415,-5.04517,1
-1.813,35.9494,-37.241,-3.39718,9.28322,-16.5754,-14.1451,19.7078,-8.31484,-3.38691,1
-0.68483,35.6383,-36.5435,-4.49898,8.60122,-17.9859,-14.2606,21.1519,-6.85104,-2.80379,1
-3.37963,35.8648,-36.6142,-4.68853,8.13577,-17.8554,-13.2272,21.7874,-7.27382,-4.20205,1
-3.31731,34.2779,-36.4046,-4.77519,8.64241,-17.3897,-13.7347,22.5314,-7.69319,-3.21399,1
-4.22036,34.9254,-36.4288,-5.30793,7.59937,-16.9604,-12.6205,22.5411,-7.76388,-3.09707,1
-4.18092,33.8535,-35.8222,-5.47987,7.80009,-15.244,-11.0701,21.9491,-8.23415,-4.54668,1
-3.68848,34.9836,-36.3457,-5.79886,6.60028,-15.2423,-12.3434,22.706,-6.87286,-3.59034,1
-4.83797,34.6877,-35.9957,-5.23505,5.17692,-14.1667,-13.3635,22.7886,-6.73649,-3.10788,1
-4.49478,36.2635,-35.5424,-4.67057,4.08136,-13.8791,-14.7025,21.8718,-7.03294,-5.15005,1
-5.01869,37.1007,-34.6948,-5.85178,3.82719,-14.4949,-14.7104,21.965,-5.36901,-3.66769,1
-3.85034,36.9263,-33.8318,-5.41742,3.6604,-15.1465,-15.174,23.0126,-5.05877,-3.75826,1
-4.23374,35.8324,-33.7628,-5.68113,4.37653,-16.7475,-15.489,22.7135,-5.75507,-4.926,1
-3.37769,35.7887,-33.11,-6.59715,2.89359,-16.5975,-15.6966,23.1928,-5.45957,-5.37826,1
-4.33168,36.199,-33.2221,-6.4288,2.74253,-17.1504,-15.2557,23.2222,-4.08923,-6.42207,1
-4.05706,34.8468,-31.6005,-6.68851,2.61918,-18.4964,-15.4625,23.8524,-6.86144,-5.56226,1
-5.05607,33.8981,-31.68,-7.13158,2.88547,-18.0413,-14.4148,23.8172,-6.16335,-4.89348,1
-4.79331,32.0495,-32.5671,-8.64699,3.08118,-16.8652,-14.262,24.7239,-6.71065,-4.75273,1
-4.97169,33.2279,-32.8594,-9.3734,3.55499,-18.1751,-14.611,25.2701,-6.38389,-4.74586,1
-4.95656,30.872,-32.9737,-8.31142,3.67514,-20.3815,-14.4933,25.0339,-7.84381,-4.47339,1
-4.4287,30.3087,-33.3157,-7.9978,4.99643,-21.1388,-14.0067,25.9433,-8.41374,-6.39452,1
-4.41081,30.6891,-31.8307,-7.40912,4.56681,-20.2882,-15.1261,27.6859,-9.43933,-6.6639,1
-5.25241,28.3898,-30.2081,-6.9364,4.29667,-18.2825,-14.7039,27.2656,-10.2232,-7.76803,1
-4.54281,27.3173,-29.3813,-6.64242,6.21033,-18.2385,-14.7471,27.7475,-11.637,-8.18817,1
-3.85087,27.8218,-30.4491,-6.50461,6.21722,-19.3806,-15.5755,26.7142,-10.0182,-9.04738,1
-3.47892,30.3158,-30.367,-5.93573,7.09185,-18.5257,-15.8388,25.8147,-9.64678,-8.28839,1
-3.71201,29.7507,-30.7228,-6.69485,6.9251,-19.3151,-15.8392,25.8542,-10.3343,-8.11166,1
-2.84469,29.4644,-32.9053,-6.50372,6.55778,-19.5897,-14.7218,25.7096,-9.34065,-8.62659,1
-0.841149,29.4036,-33.5693,-6.57403,5.78674,-19.3453,-12.5488,25.7923,-10.0702,-6.84803,1
0.137949,27.6548,-34.1454,-7.38717,4.89964,-19.8345,-14.6178,26.6772,-9.87368,-8.21744,1
0.917374,26.0943,-36.057,-7.85492,4.63194,-19.8935,-14.3277,25.8696,-9.14265,-7.33067,1
-0.0551703,25.0706,-36.4481,-7.10684,4.82809,-20.0557,-13.5357,26.507,-8.39987,-8.3279,1
-0.616016,25.5605,-36.232,-7.22614,2.60318,-20.45,-14.5399,26.8072,-9.93522,-7.26221,1
-0.264073,27.3837,-35.4608,-7.85276,1.72612,-20.3177,-17.1112,26.6055,-10.1155,-7.66742,1
-0.137077,27.1478,-34.3386,-6.67331,1.96534,-20.5592,-18.2782,28.6076,-9.71286,-9.69477,1
-0.678466,27.4595,-34.0167,-5.01162,3.12065,-19.4621,-18.1057,29.1668,-9.82565,-8.38219,1
-1.02052,27.9814,-33.4142,-7.38195,2.83564,-20.3922,-18.07,28.0686,-9.97418,-7.90546,1
-0.167406,26.1388,-31.4499,-7.48918,1.76595,-21.7925,-17.5775,29.1464,-10.7854,-7.9603,1
0.954947,26.257,-29.8608,-6.99478,1.78427,-20.4384,-17.2723,30.7357,-12.1954,-7.0157,1
0.000884998,26.4739,-30.5275,-7.0753,2.46963,-19.8587,-17.3569,30.8913,-11.3748,-6.94799,1
-0.525278,27.3703,-30.0872,-7.79311,0.875752,-20.5077,-17.2214,31.3377,-11.4711,-7.00423,1
-0.865338,27.0797,-28.7829,-7.73865,0.506834,-18.1568,-17.534,31.8108,-13.0575,-6.30382,1
-1.85868,27.3774,-29.5907,-6.90447,-1.30278,-17.45,-18.0984,30.5945,-13.8337,-5.39588,1
-2.03199,27.2446,-28.564,-6.90489,-0.664786,-17.445,-17.2262,29.7555,-12.8754,-5.90506,1
-1.27486,26.4541,-30.5922,-7.57297,0.56754,-17.4236,-17.95,28.5392,-14.2217,-4.82022,1
-0.281247,26.0779,-30.6613,-7.13388,0.622232,-17.6575,-17.4597,28.2309,-13.9647,-4.29175,1
0.524621,26.6308,-30.2114,-7.01447,-0.1727,-16.6179,-18.6462,26.8402,-13.8635,-3.82121,1
1.53601,26.647,-28.1889,-5.92858,0.27905,-17.4582,-19.9495,26.2314,-14.1695,-4.40925,1
3.89248,26.0145,-28.5594,-6.28112,1.8448,-17.8571,-22.1045,25.4242,-14.7939,-3.33405,1
2.25826,26.4958,-29.0686,-6.32608,2.18219,-16.5246,-23.302,25.5536,-13.6179,-2.00073,1
2.41678,26.021,-28.0109,-6.25706,2.71089,-17.7298,-22.5054,24.3896,-13.4065,-2.41815,1
4.04347,27.4451,-28.5815,-7.62465,2.19384,-17.5499,-21.429,24.4456,-13.4539,-2.21927,1
1.38668,27.0777,-28.0948,-7.17046,3.96168,-17.5392,-21.3871,24.8189,-13.0393,-3.87786,1
1.68165,27.1132,-28.1179,-8.24271,4.17265,-17.9292,-21.024,25.3911,-13.8014,-3.27558,1
2.40888,26.3865,-28.305,-7.35526,3.54306,-18.1264,-20.6529,24.9043,-13.7377,-3.26245,1
3.16744,25.4369,-28.6309,-7.82966,2.29864,-19.6608,-21.0855,24.4604,-14.8133,-4.15514,1
2.63177,23.6161,-28.3288,-7.15297,0.890655,-19.679,-20.9506,25.3749,-15.2773,-2.81011,1
1.23034,24.1632,-29.5268,-7.68692,2.75079,-20.3814,-19.3001,24.5835,-14.1152,-1.05101,1
0.860799,24.1196,-27.5131,-9.10174,0.928472,-20.468,-18.0951,23.2705,-13.9834,-0.842316,1
2.46392,23.1266,-26.2374,-9.2823,2.65076,-20.3837,-18.137,21.8726,-14.2184,0.00163104,1
1.42583,22.291,-27.2502,-7.70029,4.11332,-20.5334,-16.9224,20.7904,-13.6043,0.482245,1
2.44565,22.9964,-26.0279,-6.15665,4.03846,-19.2847,-16.3714,20.5607,-13.5649,1.50607,1
1.26788,23.9749,-26.941,-6.43374,3.19741,-19.0407,-15.8,19.6611,-14.1084,1.60463,1
2.48324,23.2795,-28.7166,-4.73694,1.08287,-19.6179,-15.699,18.3685,-15.588,2.44824,1
0.802558,24.9509,-28.7091,-4.48888,1.81828,-18.6798,-17.6295,19.403,-14.663,3.50853,1
-0.911702,24.2008,-29.5141,-4.7831,1.14415,-18.9472,-17.1245,19.1333,-15.9966,4.82236,1
-1.89559,21.3122,-27.5371,-3.28788,1.24962,-17.5107,-17.764,19.0957,-16.9716,4.64182,1
-1.63168,21.2705,-28.1,-3.29207,0.727454,-18.2024,-18.4019,18.3643,-16.1907,3.79171,1
-1.13505,22.7705,-28.9978,-1.67787,1.16998,-18.7338,-19.1229,18.0533,-15.8559,3.48739,1
-1.75825,21.9,-29.2191,-1.72794,1.97665,-19.4872,-19.3753,17.3843,-15.2292,3.85349,1
-1.35203,20.324,-28.9696,-2.36782,1.36098,-21.2824,-20.2622,16.5276,-14.9402,3.54396,1
-0.843572,20.0961,-27.3494,-3.44375,0.275672,-21.1436,-18.6276,16.265,-14.0837,3.256,1
-0.173255,20.3741,-28.865,-4.70407,1.63682,-21.8146,-19.2102,17.0428,-13.997,2.24257,1
-0.327055,20.0948,-29.5606,-6.31052,1.00279,-22.1414,-18.3704,16.2135,-12.1671,2.85275,1
0.344955,19.6543,-28.8345,-6.85392,-0.825882,-21.6962,-17.8318,14.8711,-10.8846,3.75805,1
-1.63806,19.5929,-29.0313,-5.32331,-0.269511,-21.5203,-16.4255,15.6493,-11.5748,4.49264,1
-0.325497,19.957,-29.0862,-5.35951,0.0105869,-22.2774,-17.7836,15.69,-12.2858,4.25461,1
0.356124,21.47,-30.2899,-4.57655,-1.22131,-22.3046,-18.2627,14.4929,-14.5555,4.46187,1
0.0694085,22.4682,-30.7577,-4.24494,-2.78882,-23.617,-17.2997,16.0561,-15.8246,4.34885,1
-0.0534378,22.0235,-31.8863,-6.16075,-2.42418,-25.3194,-17.8721,18.4539,-15.5576,3.17868,1
-0.705323,21.4313,-32.0344,-6.84379,-1.92864,-24.8181,-16.4407,18.5857,-16.9458,3.85994,1
-0.961701,22.0701,-31.2614,-7.18595,-5.27194,-25.7695,-16.1251,18.3209,-18.2585,2.70118,1
-1.77981,20.785,-31.6318,-6.8573,-4.326,-24.6016,-15.2986,15.9756,-18.8532,2.29802,1
-2.21161,20.4542,-31.1264,-5.72842,-3.41295,-24.6722,-14.5487,14.3924,-17.5287,0.603856,1
-2.61542,22.1373,-31.2445,-5.00688,-1.98024,-23.5333,-14.5359,15.6157,-18.1924,0.841886,1
-1.74786,22.4191,-31.9025,-5.33133,-1.92718,-25.6525,-13.2956,15.7863,-17.044,2.30208,1
-0.647094,22.3852,-30.0463,-3.46199,-3.42246,-24.6537,-14.0927,15.1101,-15.671,0.128576,1
-1.92965,23.2115,-28.6779,-2.03165,-2.50563,-26.464,-14.2342,16.1139,-15.422,0.281363,1
-0.673268,24.0309,-29.8505,-3.34572,-1.87214,-25.5722,-13.1302,15.2145,-15.0076,-0.824158,1
0.592927,24.9687,-27.2879,-3.33238,-2.23822,-25.1852,-13.1679,14.806,-15.4755,-0.0902016,1
2.20568,25.2005,-27.4175,-5.07708,-1.60667,-24.1597,-11.5087,15.1066,-16.3122,-0.17994,1
2.60775,25.7638,-28.298,-5.94336,-1.75694,-24.5677,-11.8272,16.0271,-16.6787,0.391045,1
2.56149,24.0407,-27.8501,-6.0279,-0.760659,-24.2814,-10.3179,15.034,-15.621,1.8178,1
2.04726,22.8639,-29.5468,-6.36844,0.455457,-23.5356,-10.7133,15.6285,-16.3601,2.281,1
2.34596,23.877,-30.832,-3.89162,1.32667,-23.9262,-11.1119,14.7495,-16.3377,2.72858,1
1.37685,24.1237,-30.0257,-2.00158,0.615084,-23.3283,-10.7313,15.26,-16.5367,3.25116,1
0.3661,25.4666,-29.9227,-2.79114,-0.449946,-21.8177,-11.0017,15.0769,-15.9528,1.82823,1
-1.3837,26.0665,-29.471,-2.1228,-1.03507,-20.7389,-9.63635,14.8643,-14.4162,2.30511,1
-1.65832,27.1811,-29.8322,0.631113,-2.87046,-22.4772,-10.2928,14.4327,-13.732,2.17853,1
-3.27872,27.2403,-30.8527,1.11768,-2.54657,-22.307,-10.3687,13.9328,-13.7276,1.37424,1
-1.13107,27.0324,-30.0976,0.861972,-3.51516,-18.9614,-9.55495,13.2328,-12.4127,0.130942,1
-1.59468,26.7311,-30.4992,1.28768,-2.08652,-17.9807,-8.15197,13.0814,-12.9094,0.15421,1
-1.51065,26.0384,-30.532,0.758804,-2.80892,-16.5386,-8.48628,12.1509,-12.6623,1.43191,1
-1.34298,26.8113,-28.5958,1.68483,-3.70712,-16.507,-9.02523,11.541,-12.0493,1.16794,1
-2.44207,25.8288,-28.7348,1.41238,-5.01156,-18.9595,-9.32318,13.1379,-10.9119,1.23133,1
-3.66846,24.3993,-29.484,2.58076,-6.26841,-19.3692,-9.54247,14.478,-10.664,1.59593,1
-3.00258,23.4753,-29.4786,1.9829,-7.92774,-19.7602,-9.04919,14.1379,-11.161,1.24536,1
-3.74517,22.3221,-30.7457,1.20827,-8.30843,-17.5831,-10.543,14.7198,-10.3986,1.22177,1
-2.99993,23.8275,-31.1944,2.30404,-9.15894,-17.3506,-12.1281,16.1937,-11.4188,-0.114836,1
-2.13489,23.1045,-31.3287,5.13286,-8.74933,-15.5034,-12.8839,15.785,-12.1384,-1.81263,1
-2.79219,22.9254,-30.5854,4.90356,-6.80255,-15.0494,-13.4434,15.7581,-12.4925,-3.24059,1
-3.44922,23.1281,-30.8268,5.53614,-7.19932,-15.1383,-11.8116,15.3652,-11.8731,-2.34909,1
-4.81774,23.5547,-29.9025,6.21579,-8.15926,-15.0323,-10.1935,16.4835,-13.4547,-1.27144,1
-4.87218,22.7007,-29.3684,7.06703,-7.58508,-15.2518,-9.25573,15.2944,-14.1778,-2.21438,1
-4.87496,24.5224,-27.7162,6.95388,-7.29988,-13.5876,-9.44959,14.5146,-15.5741,-2.20526,1
-4.19969,23.3406,-27.5612,6.23119,-6.75359,-14.4104,-8.39697,14.7174,-13.9556,-1.20584,1
-5.61742,23.6926,-26.8696,5.89716,-7.68562,-14.8286,-9.8772,14.3419,-12.5111,-2.28966,1
-4.52272,24.7379,-27.2973,4.72785,-7.53678,-14.3655,-10.6389,15.3253,-12.7532,-1.63286,1
-4.6089,25.1582,-26.55,3.71717,-8.25033,-13.8192,-10.0658,15.2752,-13.6519,-2.00975,1
-4.35739,26.788,-26.4692,3.05291,-9.19218,-12.8685,-11.4361,14.3163,-13.4106,-2.63214,1
-4.3176,26.9419,-26.9909,2.57515,-11.0302,-12.6989,-10.9081,14.4611,-12.7984,-2.4985,1
-2.81235,27.2581,-24.9564,0.683337,-12.7361,-12.5463,-10.3366,15.8056,-12.0861,-4.64943,1
-3.32268,26.1972,-24.1556,0.271746,-12.8591,-13.7384,-10.8606,15.6307,-10.658,-4.52216,1
-3.77852,25.9161,-23.9251,1.68013,-11.0182,-12.8676,-10.9169,16.2433,-11.6223,-4.52024,1
-2.1101,27.5974,-23.4702,-0.734234,-9.75712,-13.2238,-11.346,17.1393,-11.7662,-5.70443,1
-1.0104,28.2166,-23.8368,-0.905898,-8.36568,-14.8064,-10.756,16.8766,-12.4297,-5.17742,1
-0.547028,27.6003,-24.5931,-0.592038,-7.97611,-14.0758,-11.8067,17.3797,-12.7756,-7.18142,1
-0.174703,25.2615,-23.5901,-2.27383,-8.87723,-11.9944,-11.6541,15.4373,-12.9525,-7.32102,1
0.471077,23.7636,-23.7239,-2.48721,-9.08925,-11.1914,-9.25345,13.286,-13.7705,-7.96036,1
-0.210929,24.747,-26.0227,-3.1014,-8.80758,-9.94473,-9.1068,12.8848,-13.8094,-9.05162,1
-0.164423,24.4999,-26.9003,-2.65992,-9.03657,-9.13901,-10.2868,12.9697,-14.1495,-9.17102,1
0.682877,24.8542,-27.4966,-1.30901,-8.68261,-10.514,-11.5864,13.2921,-14.1866,-10.1528,1
1.23633,24.649,-26.811,-1.36631,-7.38559,-9.7837,-10.6773,14.563,-12.2086,-10.6495,1
2.35846,25.4002,-27.2362,-2.31995,-7.85875,-8.75003,-10.783,11.8639,-13.3169,-12.2141,1
1.41758,24.8113,-27.7463,-1.74645,-7.93505,-8.53332,-11.9924,11.8669,-12.9982,-11.9723,1
3.14363,23.8589,-29.1069,-1.77939,-7.29713,-8.04665,-13.1746,13.1559,-13.3175,-13.1541,1
4.35905,24.863,-29.402,-1.79274,-6.36141,-6.86667,-13.054,12.4384,-11.746,-13.6629,1
4.28979,23.0081,-30.2926,-2.39133,-7.06471,-7.19231,-13.6773,11.2203,-11.2636,-13.3517,1
6.25714,23.1681,-29.5151,-2.53252,-6.42942,-6.15422,-14.1553,13.3324,-10.806,-13.9346,1
5.10403,23.0611,-30.6338,-3.53706,-6.58698,-6.3817,-13.456,12.6074,-12.2293,-14.4346,1
7.50197,23.216,-29.378,-2.3601,-5.81884,-7.50286,-13.9049,12.8458,-12.1181,-15.2984,1
8.41997,23.0216,-29.0897,-1.16102,-5.78332,-6.51768,-11.8595,13.3099,-13.6089,-15.0844,1
10.5392,21.5813,-29.6001,-1.17545,-6.06042,-5.70527,-10.2243,13.1359,-15.5341,-14.4828,1
10.1228,20.4407,-29.3188,0.122511,-7.6834,-4.94235,-9.14806,12.5012,-16.2388,-12.8724,1
11.0037,19.9672,-29.5236,2.18938,-8.56068,-5.72854,-7.97761,11.9395,-17.1744,-13.1758,1
9.38593,20.4838,-29.0854,2.56506,-7.22622,-6.77928,-8.16678,11.4194,-19.5436,-13.6734,1
9.57615,19.9969,-30.239,1.77585,-7.26165,-5.74251,-9.16839,13.0223,-20.9979,-14.6932,1
9.67059,18.9844,-30.8728,1.73769,-9.02316,-5.77003,-8.85421,12.5548,-22.3728,-12.5136,1
9.26047,18.1924,-28.6324,1.31231,-8.55205,-6.36215,-8.78821,11.8874,-22.9202,-12.8461,1
9.61805,18.7283,-29.1491,1.92973,-9.16028,-6.75766,-9.06528,12.9292,-24.7505,-13.6319,1
7.59534,19.273,-28.2419,1.33985,-9.97864,-6.82716,-8.70824,12.0196,-24.8708,-11.9822,1
7.0746,18.3314,-27.5608,2.72464,-9.78105,-7.68765,-8.88814,11.6033,-24.9932,-11.1093,1
7.13486,18.4844,-25.8491,2.66611,-10.6698,-6.40056,-7.3579,10.2295,-24.3805,-11.7932,1
5.9463,18.4751,-27.0656,3.01074,-11.282,-5.53548,-7.59276,9.83504,-22.9879,-11.0776,1
6.31115,17.9028,-28.0434,2.23201,-11.6705,-5.55665,-6.86475,9.47245,-24.0847,-9.98135,1
5.64935,17.5877,-27.5767,2.64328,-12.2379,-5.62009,-6.85354,8.97449,-24.9553,-10.7619,1
5.62289,18.7836,-28.1938,3.69737,-13.004,-4.21568,-6.8213,9.65667,-23.1565,-12.1153,1
6.68553,17.4933,-27.4812,1.85035,-11.4199,-3.88895,-7.63786,9.12563,-23.7528,-13.3747,1
5.22922,17.6981,-28.8558,1.89567,-10.9974,-3.14159,-7.11581,7.50056,-23.7184,-13.9351,1
5.02308,16.621,-28.4452,0.874495,-11.7092,-3.62829,-6.72129,7.2767,-24.8697,-15.4537,1
5.396,16.0957,-27.3036,1.18579,-9.54573,-1.71054,-8.61836,7.47301,-25.0818,-15.3246,1
5.1842,15.6684,-25.0039,2.288,-8.27456,-0.497574,-8.76108,7.81733,-25.0202,-17.6018,1
6.8833,18.3571,-25.1895,4.09136,-7.65691,-0.565612,-9.69755,5.94951,-25.4731,-17.824,1
6.62997,19.1645,-25.0101,5.15265,-6.6115,0.501608,-9.06522,4.31359,-25.9342,-18.0045,1
7.58164,20.0768,-24.6718,3.88479,-7.94927,0.936783,-9.53897,3.55954,-27.4537,-16.0269,1
8.07914,20.7787,-24.6614,3.28866,-9.05455,0.317434,-10.1665,4.06863,-26.3496,-17.9111,1
10.1813,22.6121,-25.9909,3.16538,-9.73091,1.58003,-9.96872,3.7464,-26.0155,-18.4258,1
9.38017,23.3135,-27.0882,2.90461,-9.60223,0.707441,-9.73528,3.89588,-25.3362,-18.3537,1
9.84223,24.3823,-27.6395,1.82487,-9.3829,0.522799,-10.1405,3.42579,-27.1652,-18.7881,1
10.3163,24.5791,-28.7318,0.982894,-7.94196,-0.704572,-10.4351,4.07782,-26.2067,-20.7191,1
9.36832,24.4464,-30.4038,-0.389926,-7.4567,-0.283839,-9.18313,4.41974,-27.3713,-21.5564,1
10.4661,23.4674,-30.7282,-0.37103,-9.11173,-1.34105,-9.75561,3.53739,-27.9878,-20.7181,1
10.2236,24.0454,-30.9668,0.216921,-10.3686,-1.8684,-8.62498,4.39182,-28.3101,-19.9645,1
8.98,23.6397,-32.7163,-0.221167,-10.6781,-1.86773,-8.77099,4.59454,-28.1546,-19.7765,1
7.98669,23.2164,-32.9662,1.50455,-10.9571,-0.546017,-8.55912,4.07028,-27.7375,-22.0461,1
8.30985,23.1695,-34.8467,0.593657,-11.8566,-0.239172,-7.62475,3.93261,-27.1906,-20.3435,1
8.93063,25.8537,-36.5402,0.693608,-11.9876,0.687201,-7.25222,2.9767,-27.2435,-20.5407,1
8.28891,26.8417,-35.2584,2.45815,-12.3844,1.74527,-7.11098,1.99721,-28.1459,-19.7033,1
8.52492,28.8764,-36.0903,5.14696,-12.5048,0.417313,-6.96755,3.23944,-27.3681,-20.9998,1
7.65224,28.5968,-37.4498,5.51153,-11.4368,2.37649,-6.23311,5.61813,-25.0231,-21.7133,1
8.07855,27.1544,-38.0537,6.0828,-14.0136,2.64888,-6.37686,6.10073,-24.3579,-20.8934,1
8.97839,25.1469,-38.7798,4.72674,-14.1075,4.48184,-6.70843,7.01319,-24.1253,-22.0959,1
6.93074,24.1476,-37.5568,4.49725,-12.9883,1.65901,-6.61274,8.09186,-22.5385,-21.3665,1
6.44182,24.0971,-38.6104,4.40421,-12.6062,0.85589,-6.42894,7.52258,-22.5703,-20.795,1
5.77494,24.7339,-39.4538,5.77921,-13.3376,1.11476,-6.87631,7.65075,-22.7549,-20.2979,1
6.19059,23.5826,-41.5718,5.38368,-13.1732,2.15444,-7.0869,7.21478,-23.3212,-19.687,1
6.72291,23.5669,-40.4672,6.36294,-11.0344,0.260454,-8.53618,6.52395,-22.8805,-18.9477,1
6.67302,23.7862,-41.761,7.43576,-11.2161,0.768695,-8.78609,7.99541,-22.7711,-19.9449,1
6.57294,23.8647,-41.8357,5.47635,-12.043,0.135627,-10.4247,9.06842,-24.3371,-17.8489,1
6.7622,23.8357,-41.0299,5.69666,-12.4949,0.571704,-9.49706,7.94173,-24.0284,-17.8822,1
7.89856,23.5258,-39.9289,5.33187,-12.8199,0.564084,-8.40431,7.03045,-23.4766,-18.5645,1
8.49593,23.9338,-41.552,5.27398,-12.1972,-0.227764,-9.55179,7.32859,-23.0633,-18.8051,1
7.81201,22.7977,-41.0754,6.93019,-11.8563,-0.044409,-10.1279,6.77487,-23.0263,-19.7028,1
7.55625,23.0481,-39.9754,5.9608,-13.9908,0.513697,-10.856,7.37814,-21.8016,-20.4399,1
8.20751,21.5032,-39.8996,6.2987,-14.0933,0.229388,-11.2063,6.84163,-21.418,-20.0722,1
8.79822,21.1502,-39.0292,6.05976,-14.4714,0.358636,-11.5642,5.91236,-21.6879,-19.0986,1
9.60829,22.0047,-39.6185,5.58266,-14.2015,-1.07471,-11.2463,6.09642,-21.5952,-18.9234,1
7.93952,22.4108,-38.1801,6.59462,-14.3665,-0.93713,-11.6612,6.80344,-22.193,-19.648,1
7.99001,22.5009,-37.5743,7.26922,-13.743,-0.255755,-10.5132,7.68146,-22.1195,-21.3625,1
7.13244,22.146,-37.0923,7.14444,-13.142,0.41319,-10.9085,7.01832,-22.2223,-22.2288,1
7.75544,22.4961,-38.0313,6.34079,-12.5822,0.683744,-11.4638,7.85013,-23.7363,-21.5335,1
7.10818,23.3649,-36.6898,5.41761,-13.6343,-0.641018,-10.8513,8.30876,-23.926,-23.4989,1
7.57458,22.177,-34.4403,6.72664,-15.3419,-1.97338,-10.9284,9.02072,-23.1986,-22.6906,1
6.3357,22.4815,-36.0249,5.96222,-15.3722,-1.57438,-12.6051,8.90046,-23.9693,-22.1768,1
5.28175,22.1278,-36.7402,4.98493,-15.3632,-0.627247,-12.8612,9.49786,-24.1918,-22.3702,1
5.75766,23.805,-37.0022,5.09815,-15.8221,-0.624777,-12.0337,11.6793,-25.4768,-21.7284,1
4.80514,24.0583,-35.4401,7.12586,-14.9155,0.346239,-12.2153,11.5333,-24.6223,-23.0941,1
6.56314,24.0091,-35.0621,6.25804,-15.3157,0.804388,-11.7595,12.3043,-25.1233,-22.5067,1
6.52948,23.2075,-35.939,6.64617,-16.3993,0.614474,-11.073,12.6412,-24.8534,-24.183,1
5.78281,22.4952,-36.208,5.45669,-17.49,1.28691,-11.9859,13.4609,-22.28,-25.4492,1
5.65786,22.5427,-35.6156,5.89684,-17.4298,3.25549,-11.6564,14.2346,-22.5728,-26.5829,1
6.03172,23.2351,-34.5618,5.45589,-16.0822,4.37343,-9.7709,12.7993,-23.2927,-24.7243,1
4.11326,21.6572,-33.5318,5.61517,-16.6237,3.23074,-10.8877,14.4613,-23.2799,-25.3441,1
4.79398,20.9845,-34.6874,5.21541,-15.1869,4.27784,-10.6366,16.6464,-24.6514,-25.4184,1
4.9764,20.7805,-35.5141,4.78816,-16.2211,3.29028,-10.8056,16.0626,-25.1983,-24.2051,1
3.89907,21.3526,-35.5837,6.04157,-17.7625,1.85117,-11.2799,16.7108,-24.9001,-23.5518,1
4.19333,21.4552,-35.1013,5.79002,-18.3963,0.903554,-12.2068,17.8394,-25.3303,-24.8112,1
3.3942,20.4574,-34.8542,4.89264,-17.7491,1.74018,-12.8972,18.3413,-25.5752,-23.5106,1
3.41953,21.0892,-34.9688,5.06249,-18.828,1.70464,-13.9153,18.2835,-26.7329,-24.1049,1
2.45793,20.0265,-34.9952,3.48956,-17.164,2.41125,-11.9797,18.4457,-24.8871,-25.4515,1
4.23788,20.286,-34.3135,2.67288,-15.2056,3.29109,-12.2926,17.5275,-24.9926,-24.6652,1
5.25277,18.5619,-33.9065,2.29009,-15.0828,3.79099,-12.1131,18.8745,-25.5998,-23.915,1
4.90384,17.6566,-32.4733,1.43777,-16.1715,3.82313,-10.7595,17.2782,-25.87,-25.2663,1
4.81664,17.3795,-31.9714,1.47837,-15.9735,4.24475,-9.58198,16.881,-26.1542,-25.5357,1
5.92592,16.4399,-31.5193,0.743944,-16.508,5.26873,-9.38625,16.2172,-26.0383,-25.5606,1
6.1141,18.3882,-31.9278,0.890173,-16.0093,4.9108,-9.23606,15.0673,-25.8718,-26.3279,1
7.04301,17.5785,-32.5149,2.17484,-14.6402,6.15552,-8.4417,14.9957,-26.7557,-26.4029,1
6.46228,17.187,-32.6263,2.77879,-13.5241,5.94515,-7.01831,14.85,-27.6558,-27.0009,1
6.01426,17.7435,-30.3047,2.35658,-13.9333,6.70658,-7.84923,14.6242,-27.5707,-28.9541,1
6.3234,19.2471,-30.2849,1.09842,-14.0876,5.08286,-8.27109,14.2727,-28.69,-29.0631,1
5.18487,19.0472,-30.5595,0.220933,-14.2259,6.23062,-8.31437,15.0808,-28.7745,-29.4782,1
5.56711,18.6187,-30.1036,0.64207,-14.2227,6.61693,-8.39977,14.4586,-28.4009,-31.1268,1
4.76145,19.0668,-31.1778,0.251731,-14.0084,5.90578,-8.30866,14.3248,-28.9543,-31.5492,1
6.3962,18.968,-30.3566,-0.947064,-13.5715,6.23047,-7.37188,14.2312,-30.9306,-31.7974,1
6.29632,18.0364,-30.4274,-0.783789,-13.5777,6.12308,-6.79958,14.6633,-30.5038,-32.1592,1
7.13829,18.4433,-29.2889,-0.226049,-15.2181,5.33748,-6.95975,14.0858,-30.2126,-33.848,1
7.71455,17.8265,-30.7596,-0.959185,-18.0721,5.34317,-8.85088,15.1336,-29.3814,-33.6501,1
6.93529,19.525,-29.8823,-0.622238,-17.5091,4.43733,-9.1353,15.1976,-29.0069,-35.1733,1
5.39866,17.4677,-29.8271,-0.732811,-18.5983,6.50277,-8.68272,16.1126,-27.248,-34.9626,1
5.84855,16.944,-29.5303,0.0132253,-18.8414,7.40797,-6.79361,18.8011,-27.6001,-34.4289,1
4.86473,15.7639,-28.9771,-1.74936,-18.7186,7.93962,-7.08856,16.2026,-27.1508,-33.6975,1
5.04217,16.3387,-29.2475,-2.05841,-17.9509,10.2503,-9.3713,16.7003,-27.3393,-33.864,1
5.28887,16.0472,-29.5058,-0.567457,-16.9614,10.6928,-8.52824,18.7694,-28.0426,-34.2224,1
5.32878,16.3252,-29.2038,-1.50402,-17.313,11.2657,-7.74266,20.0011,-28.1574,-34.4917,1
5.02683,18.5069,-28.3625,-2.29854,-16.4355,10.8474,-7.77879,20.4368,-28.0559,-34.3648,1
5.43171,19.9217,-27.075,-1.03436,-16.9702,11.3248,-5.86027,20.5057,-29.027,-34.2389,1
5.86655,21.3541,-26.2045,-1.96018,-17.2994,12.9585,-5.68281,18.7048,-29.3347,-34.3631,1
6.11164,21.3533,-24.7521,-2.66335,-16.6398,12.7379,-5.54807,17.8308,-30.5503,-34.5646,1
6.62589,21.9002,-23.0811,-3.82972,-16.7629,11.9883,-6.05487,17.3789,-29.2914,-33.4777,1
6.33863,21.6134,-22.495,-4.74873,-16.4564,11.0635,-5.63076,16.205,-27.4291,-33.3311,1
5.24304,22.047,-23.3816,-3.63103,-18.2897,10.7158,-6.36554,16.7167,-27.3335,-32.0083,1
5.82151,23.4773,-23.468,-2.94349,-19.8385,11.2654,-7.17336,16.2732,-28.8174,-32.8608,1
7.70668,24.4206,-24.5346,-1.28374,-20.1404,11.2977,-6.39295,16.8103,-29.6343,-33.5261,1
9.42704,27.579,-24.3922,-1.71935,-19.9938,11.5408,-7.1161,17.1516,-29.3818,-33.2901,1
8.8672,25.1128,-24.2865,-1.16972,-19.6785,12.2566,-7.23713,17.2996,-27.7801,-34.046,1
8.47491,26.5994,-25.1368,-0.0408241,-20.8742,10.4428,-6.45308,14.7519,-27.4737,-33.3512,1
8.90114,28.0019,-24.7854,-0.97517,-22.153,10.0141,-6.27791,14.4479,-25.9293,-34.4921,1
8.78282,27.8,-24.7699,-0.897487,-23.8733,9.44429,-5.41123,13.8226,-24.638,-33.1595,1
7.54086,27.8183,-24.6677,-0.813724,-24.0624,9.41563,-5.35679,12.2073,-24.3264,-33.4324,1
7.60733,27.6825,-24.5415,-0.0174247,-24.0053,8.21153,-5.84215,13.7218,-24.4011,-32.692,1
8.17352,26.2708,-24.8997,2.29635,-24.5856,8.14662,-5.03368,14.2088,-24.5165,-32.4309,1
8.61839,25.4313,-24.8865,1.94949,-25.1393,7.3626,-5.43814,13.562,-26.0846,-32.3901,1
11.2395,23.7648,-24.2149,2.08658,-24.7745,7.88499,-5.85943,12.8408,-24.9168,-32.0876,1
11.8323,25.4035,-22.9743,2.07977,-22.9855,8.04292,-5.41858,12.2612,-24.2677,-31.1079,1
11.8759,26.0697,-22.3018,2.01421,-23.5884,8.66696,-6.41546,13.2359,-22.1766,-30.2729,1
11.2901,26.6582,-22.5737,1.35854,-22.417,10.4416,-5.82273,15.1754,-22.2325,-31.8389,1
10.1764,27.1467,-22.5807,0.47859,-20.4072,10.2971,-7.15091,15.4827,-21.1228,-30.8087,1
9.87165,28.7314,-23.7112,0.412357,-21.4765,9.96157,-7.30195,15.7612,-21.0726,-29.1833,1
9.53496,27.7675,-25.0544,0.648496,-20.8312,8.99852,-8.35671,14.8653,-19.9974,-27.8696,1
9.71605,29.4018,-22.924,0.465057,-20.6286,9.4032,-7.24343,14.1956,-19.6048,-28.1965,1
11.6627,31.0047,-20.9399,0.902199,-19.896,11.2798,-6.10264,13.6078,-19.798,-27.4208,1
10.7367,31.5127,-22.613,0.950567,-21.4635,10.4713,-6.86332,12.597,-20.7265,-26.9233,1
11.8026,29.9865,-22.7509,0.890945,-21.235,9.52965,-6.75259,11.6833,-19.9733,-25.7584,1
10.9264,31.259,-23.3946,0.887127,-19.4602,9.75988,-6.39751,11.1008,-18.0403,-25.5959,1
11.5694,31.8168,-22.4701,0.202576,-20.8793,8.86599,-5.39471,10.4827,-18.3402,-26.6415,1
11.5421,31.67,-23.1176,1.6366,-19.6373,9.06631,-6.15241,9.5596,-16.2833,-27.7914,1
11.5986,32.2473,-22.6749,1.71144,-17.709,9.43904,-5.32608,9.11,-15.6939,-27.8003,1
11.5849,32.87,-21.9674,1.20628,-16.9201,10.5024,-4.21188,8.25951,-16.4126,-25.9639,1
10.0705,32.54,-20.0479,1.8187,-17.7531,11.3364,-4.5982,8.36249,-15.864,-27.4031,1
9.82771,32.6982,-20.3719,1.16833,-17.8919,10.3163,-4.62795,8.45496,-15.4383,-28.4724,1
9.49602,34.1546,-20.3298,1.87539,-17.6819,10.7904,-5.80466,7.20303,-16.0454,-27.7668,1
8.43004,34.4177,-22.1125,3.49412,-17.8914,13.2489,-4.95515,6.97325,-15.4309,-28.0763,1
6.25981,33.7244,-21.4126,3.08301,-19.5114,11.946,-6.21021,5.96585,-16.2983,-26.5029,1
5.45481,31.8828,-21.0869,3.31237,-20.223,11.97,-7.21925,5.45709,-16.2387,-26.3085,1
5.97577,31.8093,-21.5185,2.2301,-20.4144,12.952,-6.455,5.7845,-16.93,-24.7229,1
7.4074,31.7361,-20.9169,2.05049,-20.9715,13.2785,-6.79941,5.63572,-16.914,-26.1835,1
8.33107,31.0488,-20.3908,2.54868,-22.0535,11.8781,-7.07177,6.0071,-18.0333,-26.2882,1
7.96232,31.6852,-22.5137,0.415015,-21.2756,11.5045,-7.79649,6.17826,-17.7005,-27.8462,1
10.36,32.7987,-21.7054,0.885632,-20.8904,9.69604,-8.21993,7.06283,-18.0005,-28.6538,1
9.89648,31.7413,-23.2397,0.214871,-20.4486,11.0379,-9.80495,8.56889,-18.2348,-29.4076,1
8.89768,32.0004,-24.0943,0.173553,-19.5931,10.4184,-9.91597,9.61908,-15.6656,-28.5528,1
7.77276,33.4811,-24.165,0.23859,-18.8414,11.4262,-11.1501,10.9924,-16.0203,-28.5175,1
7.64883,33.0445,-22.5199,-0.0589202,-19.6274,13.317,-11.7377,11.0051,-15.8966,-28.291,1
7.19241,32.3906,-22.9217,0.0521134,-18.5563,12.9647,-12.7268,9.60465,-16.1611,-27.6732,1
6.4892,33.8176,-25.0428,0.234425,-17.4952,12.7582,-14.1893,8.46044,-17.8211,-26.1513,1
6.54408,33.3305,-24.2113,1.74353,-15.5968,12.8173,-16.4335,6.98037,-17.4349,-28.1704,1
6.87237,33.701,-24.5085,2.0186,-13.9776,9.22714,-16.6057,8.16269,-16.4889,-27.8729,1
6.56769,34.5374,-23.2977,1.11255,-11.8482,7.18116,-16.682,8.43526,-17.5582,-27.7384,1
7.07264,34.6829,-22.625,-0.0838431,-11.4183,6.43504,-16.0757,9.20285,-19.7155,-27.4026,1
7.79824,35.2892,-22.1941,1.00938,-12.2812,7.32151,-15.813,8.18053,-19.9358,-28.0846,1
7.9733,36.2865,-23.7647,1.48493,-12.1856,8.05548,-15.2882,8.9501,-19.5779,-26.8504,1
6.90221,36.4741,-22.7398,0.391639,-10.9023,7.34916,-16.3294,7.4174,-18.5332,-26.202,1
6.69655,36.2336,-22.4853,-0.00467048,-11.7789,8.26065,-17.9705,7.39736,-18.2542,-26.3693,1
6.80009,36.8598,-23.0891,-0.363441,-13.0911,8.6689,-17.8644,5.96608,-18.5561,-27.3467,1
7.77877,35.9124,-24.1344,-1.14709,-12.3269,9.03806,-17.4384,6.6996,-18.5954,-27.3848,1
8.10657,37.6422,-25.9564,-1.32623,-13.9853,7.57729,-16.6554,8.23743,-20.2256,-27.7405,1
7.17069,37.1389,-25.7006,-1.50008,-13.5549,9.0932,-17.6929,9.51762,-20.1648,-27.8767,1
6.64896,37.8572,-24.1153,0.677933,-14.6191,11.3741,-18.7813,10.17,-20.4677,-28.1691,1
7.24318,38.5029,-23.8154,1.62263,-16.3587,11.7606,-18.8763,9.19166,-19.4204,-26.9525,1
7.54074,37.8051,-22.3053,1.63243,-16.4832,10.4338,-18.0724,7.8545,-20.1946,-25.4262,1
8.64325,37.51,-20.8383,0.726441,-15.74,10.1668,-18.0335,6.05022,-18.6354,-23.8094,1
7.74767,37.6845,-18.3712,-0.10179,-15.3251,9.5351,-16.7744,6.43225,-18.341,-23.342,1
8.3721,36.7527,-17.8134,-0.472788,-12.8881,8.27227,-16.1201,5.82826,-18.9065,-24.791,1
8.59672,36.246,-18.7379,1.74326,-12.3497,7.82167,-15.4797,6.65129,-19.0708,-24.0087,1
10.009,35.4294,-20.5324,0.28675,-12.1429,6.40041,-15.8621,7.9648,-17.2882,-22.4229,1
8.1303,37.1617,-22.2322,-0.833624,-11.4457,6.31184,-17.3327,7.99181,-16.8374,-21.2494,1
7.89431,35.6486,-22.1585,-0.642362,-10.4423,6.69794,-15.2301,6.98372,-17.492,-20.5908,1
7.82201,36.2987,-22.6327,-0.419778,-9.9898,6.61474,-14.9551,8.87561,-18.4479,-18.773,1
7.09184,36.9656,-22.5366,-1.15722,-9.48888,8.07017,-15.2215,7.74132,-17.4026,-19.6597,1
7.75567,38.8272,-21.4549,-0.0777324,-10.0594,7.63557,-15.2374,8.10802,-17.2114,-18.6312,1
5.63408,37.5368,-21.0704,0.339319,-9.08528,6.92779,-15.4464,8.82156,-17.1578,-18.0328,1
3.75399,37.8497,-21.8744,1.53265,-8.8089,6.89506,-15.6553,9.72961,-16.0453,-18.2428,1
3.4472,36.9806,-20.3496,0.604694,-9.89921,7.47898,-16.2612,8.57081,-15.9939,-17.7677,1
3.55221,37.0496,-20.3476,-0.217215,-10.6065,8.26202,-15.4111,10.6728,-15.6071,-17.3424,1
2.93661,36.535,-19.8826,1.23501,-11.5054,8.33292,-15.4756,12.4601,-14.357,-14.5166,1
1.88638,36.0388,-20.3847,1.83879,-10.8319,9.2066,-15.9468,12.4236,-14.3771,-14.3232,1
4.07288,37.9978,-19.7872,1.72933,-10.323,9.80605,-15.3772,12.1338,-15.5074,-16.1329,1
4.15512,36.4264,-20.9452,1.81966,-10.8269,9.48075,-13.7764,10.4935,-15.8064,-16.7289,1
5.80878,35.5496,-20.3437,1.24694,-10.3751,10.5296,-13.8721,11.2906,-16.1838,-16.1401,1
4.71255,36.3342,-21.1415,3.12783,-10.683,10.7518,-13.7107,10.4752,-16.6411,-16.7724,1
3.5835,35.9824,-21.6222,2.75962,-9.94618,10.165,-13.4775,10.4438,-17.5464,-17.1492,1
4.76055,36.3886,-20.1426,1.16144,-9.70682,10.5603,-14.1518,10.0251,-19.2681,-16.6986,1
3.8746,37.8468,-20.3164,1.25084,-10.0951,10.4814,-13.5522,9.43703,-19.1569,-15.4486,1
4.15373,36.927,-20.119,2.80916,-10.2492,10.32,-14.4104,7.89941,-18.9175,-15.963,1
4.7084,35.7928,-21.316,1.29441,-8.96532,10.5256,-15.548,8.4496,-20.7566,-17.0311,1
4.5298,35.7437,-21.1254,0.41957,-8.71718,10.8425,-14.9783,7.5903,-22.0253,-16.9969,1
4.81647,36.9307,-20.6555,0.717811,-7.04657,10.5429,-14.773,8.12632,-21.0835,-15.0439,1
4.99433,35.5524,-20.6183,1.15247,-7.6165,12.4939,-15.8943,9.97339,-21.4048,-13.6088,1
5.562,36.1797,-21.9438,3.17647,-6.08571,11.9402,-15.456,10.1123,-22.3325,-12.2927,1
5.08151,37.6988,-22.2827,2.01302,-5.69547,10.5755,-15.4833,10.2437,-22.396,-14.4037,1
5.28936,38.5678,-21.3166,2.19995,-4.73183,9.83343,-14.9788,11.8958,-22.4459,-13.0068,1
4.19578,40.3086,-21.1735,1.15241,-6.90063,9.11924,-13.7036,12.4889,-21.8806,-13.2847,1
3.67453,40.3736,-19.0793,0.163045,-7.38454,7.50699,-14.3962,12.4741,-23.3712,-16.0703,1
1.30512,42.5519,-19.7553,-0.0196524,-7.93608,7.73076,-15.7353,12.1867,-23.0446,-14.9322,1
0.402428,41.8479,-19.7128,0.913982,-7.99493,8.39968,-14.7393,11.1263,-23.717,-14.5923,1
2.26262,42.534,-18.7562,-0.861286,-7.83193,7.48344,-14.8896,12.0985,-21.8818,-16.0802,1
1.39255,41.9721,-17.5632,-0.42772,-8.7069,7.26506,-13.8741,11.1985,-20.7778,-14.7994,1
1.24586,44.1999,-18.2817,-0.717256,-8.79289,7.61363,-16.5132,11.6694,-22.5159,-15.7334,1
1.58312,44.8451,-16.9058,-1.93997,-6.98664,9.6289,-16.8313,12.4974,-21.0857,-17.4311,1
0.897525,44.8293,-16.9025,-1.20466,-7.30978,10.9381,-15.7359,12.5789,-21.4306,-18.4693,1
3.05364,45.7006,-17.6015,-2.09932,-5.9353,11.4816,-15.5768,12.4157,-23.2775,-19.3236,1
2.95334,44.2661,-17.5613,-2.38956,-4.22816,10.2469,-14.3198,14.8647,-22.8956,-18.8916,1
3.31037,43.3421,-16.7644,-2.38258,-6.03961,11.5699,-15.5414,12.8941,-22.2291,-18.9508,1
4.02296,44.0654,-16.9342,-1.35203,-5.98234,11.3945,-16.4041,12.5938,-21.1165,-19.4774,1
4.90329,43.5044,-16.4047,-1.23239,-6.7288,8.88361,-16.5525,12.8357,-21.2715,-18.748,1
3.4061,44.3775,-18.1499,-0.792815,-7.85992,11.2112,-16.3008,14.6487,-21.2627,-19.8459,1
3.88149,44.3952,-18.3425,-0.879994,-7.37741,10.6194,-15.3623,14.3616,-20.717,-20.7704,1
4.87616,46.3517,-17.1575,-0.526519,-9.05445,10.4813,-16.8779,13.6483,-21.7782,-20.3012,1
4.33891,46.3922,-16.9925,-1.04134,-8.87419,11.4733,-16.1746,13.5422,-22.4485,-19.5726,1
3.3451,45.42,-16.923,-1.2449,-8.94563,13.7513,-17.6079,13.8559,-22.6592,-19.2133,1
1.63609,45.8697,-16.9791,-2.10677,-9.13173,13.1484,-17.8822,14.3862,-24.1738,-18.2033,1
0.953608,48.0397,-14.9793,-2.78947,-7.5211,12.1027,-15.4576,13.3212,-23.85,-19.6182,1
1.80564,47.9992,-14.9614,-2.15665,-6.60233,12.2225,-16.0322,10.9543,-23.038,-19.5313,1
1.45332,48.6452,-12.732,-2.17387,-7.3969,12.6216,-15.6833,11.3722,-22.5863,-20.7792,1
1.5981,48.4892,-13.365,-1.30612,-6.74168,13.7983,-15.1398,9.95734,-22.8136,-22.2398,1
2.57539,49.3679,-13.9447,-0.592619,-3.74598,14.9775,-14.3364,11.04,-21.8432,-22.8052,1
2.31891,49.9512,-14.5557,-0.82359,-3.64633,13.9656,-15.1822,10.7121,-22.6579,-21.7667,1
0.760633,48.5019,-13.2347,-1.30205,-2.67791,14.5879,-16.9652,8.76522,-23.0379,-21.225,1
-2.08173,48.2547,-14.8168,-0.229951,-4.08461,14.0252,-16.0834,10.1776,-24.0452,-21.5995,1
-1.12914,47.8867,-17.3466,-0.511652,-3.30147,15.643,-15.3308,10.2122,-24.2465,-21.6141,1
-1.15636,47.063,-17.6975,0.394369,-3.12887,15.7327,-16.0409,9.99749,-24.6694,-21.1648,1
-1.20511,46.4074,-18.2465,1.41515,-2.93368,17.8933,-15.4683,9.02785,-25.2662,-20.6886,1
-2.94797,45.951,-19.8806,1.14407,-2.32541,19.1024,-14.785,9.23535,-25.5099,-20.0294,1
-3.07669,46.1922,-21.213,4.49141,-4.32977,19.7273,-15.2454,9.72654,-26.0564,-18.8822,1
-2.6595,47.0856,-21.1619,3.39518,-4.97729,18.3804,-14.6018,7.57429,-25.153,-18.3674,1
-3.31687,47.3946,-19.3568,3.76089,-3.77627,19.2636,-13.3228,7.84799,-26.0239,-17.1927,1
-3.88661,47.4104,-16.8252,4.08836,-3.99795,19.5931,-15.7151,9.01829,-25.3424,-17.4381,1
-4.31385,48.6721,-14.8371,2.4201,-2.80894,19.5728,-15.6344,7.16115,-26.7757,-17.0504,1
-4.72085,48.5025,-15.4439,3.19521,-2.16068,19.3989,-15.1022,6.96473,-27.9422,-20.5395,1
-4.39071,49.1566,-17.2934,0.801854,-0.284491,19.1393,-15.213,6.8475,-28.7204,-21.0422,1
-3.51888,50.126,-19.8392,1.55666,-1.62809,18.2556,-14.8294,6.4346,-27.1245,-20.8663,1
-2.35581,48.9961,-20.093,1.9418,-2.2186,17.6663,-14.9702,7.72409,-24.5016,-20.1563,1
-2.41881,47.3824,-21.1793,3.651,-1.87956,16.9574,-14.6118,8.38833,-25.283,-20.0632,1
-4.68364,45.8532,-22.7899,5.00237,-0.615052,16.4768,-15.0782,8.26474,-25.2857,-19.642,1
-5.48323,45.8713,-22.4353,5.25511,-2.3499,16.326,-14.4428,7.87888,-27.3148,-18.8139,1
-6.3344,45.7548,-22.8774,6.53929,-1.98979,16.0518,-13.1399,6.89055,-27.4407,-18.1384,1
-5.6078,44.5495,-21.5098,6.06368,-2.50368,16.308,-12.8816,5.94332,-26.9044,-20.0692,1
-5.64731,44.0133,-21.5218,6.05556,-2.61863,17.6646,-12.6752,6.53438,-27.5384,-20.8959,1
-4.39315,44.3084,-21.9967,6.10454,-4.12231,19.8325,-12.692,5.49631,-26.4749,-18.9835,1
-4.81925,44.7185,-21.3049,5.5966,-3.56686,19.4955,-12.2408,7.41134,-24.7724,-17.7125,1
-5.67657,43.3342,-22.5927,5.00856,-2.74139,19.7427,-11.5814,7.58286,-24.5879,-17.261,1
-7.20368,42.4282,-23.0469,4.77779,-3.33533,18.1773,-11.5927,7.80689,-23.9459,-18.4681,1
-5.9583,43.2569,-22.5749,4.34585,-4.16924,17.5777,-13.2802,8.19865,-24.3358,-17.8605,1
-6.6067,42.3684,-24.2392,3.74416,-3.07874,18.4154,-14.1956,8.3055,-25.5743,-18.0324,1
-4.82734,40.1549,-23.6237,3.46897,-1.7224,18.2835,-12.4216,8.09359,-24.2454,-16.5836,1
-4.62514,41.2844,-23.7976,2.86316,-1.83418,17.9887,-14.3706,7.67695,-23.8705,-16.9943,1
-4.60881,40.2452,-26.33,5.03535,-2.35641,19.8176,-13.9801,8.51183,-22.8772,-15.7935,1
-4.65067,42.7691,-26.6707,8.16651,-1.41637,18.4543,-11.8213,9.79925,-21.8272,-15.2866,1
-5.6416,41.849,-26.7666,8.37829,-1.41475,19.2268,-13.0448,10.3638,-22.6542,-16.0481,1
-7.60624,42.7115,-26.836,7.63225,-1.61389,19.4807,-12.7255,9.18078,-24.8594,-16.2972,1
-8.68029,43.2869,-24.9667,8.12473,-1.90203,19.0134,-11.933,8.31137,-26.4122,-16.8142,1
-7.80602,44.7202,-25.3787,7.61776,-1.06206,18.4788,-12.6845,8.92914,-24.0583,-16.9077,1
-6.38535,44.1291,-24.0445,7.54652,-1.60256,18.347,-10.6173,9.15811,-23.5284,-17.121,1
-5.45391,45.3114,-23.0062,6.89402,-2.77881,18.3067,-12.1088,9.56085,-23.9424,-17.6471,1
-5.51816,44.1347,-23.8554,5.14641,-0.273002,17.7862,-9.27132,9.95452,-25.6752,-18.4394,1
-6.63733,42.2731,-22.5156,4.3762,-0.843861,17.6375,-10.4943,11.014,-25.2842,-17.8805,1
-6.71777,40.5852,-22.5933,4.37079,-1.53369,16.1104,-10.1592,11.3396,-25.105,-16.9988,1
-6.34109,39.4704,-21.0507,3.89234,0.293741,15.8454,-10.9576,11.8673,-25.1508,-17.427,1
-4.97017,38.8448,-22.2729,2.83598,2.12048,17.6814,-11.2574,11.1936,-24.7617,-16.6295,1
-6.02104,38.7797,-22.5941,2.04821,2.84782,17.0655,-9.73846,11.5427,-23.4021,-17.8079,1
-5.99681,39.2766,-23.7395,2.49366,3.48231,16.6762,-11.0398,10.2787,-24.0901,-17.369,1
-4.92107,38.0405,-22.8059,2.89478,2.90585,17.5894,-12.5619,8.87324,-24.8621,-16.8168,1
-7.21308,38.1286,-22.9614,1.76184,2.48744,17.6478,-12.4415,8.8759,-26.0483,-15.9557,1
-7.36298,38.5016,-23.6719,2.30339,4.0832,16.5683,-12.2542,9.73511,-27.1587,-16.2464,1
-6.67742,38.6886,-24.1641,2.15711,3.7209,17.6552,-11.7222,11.3145,-28.2547,-15.1273,1
-5.86798,38.03,-24.8957,3.20718,3.78226,16.8982,-11.9422,11.0109,-27.3701,-15.9843,1
-5.53674,38.9978,-24.6899,2.14795,2.65227,15.9847,-13.444,10.666,-27.6564,-15.3833,1
-5.34342,39.3841,-23.2865,1.09355,3.74465,15.255,-14.5233,8.80155,-26.3408,-15.0384,1
-5.22944,39.4036,-23.4665,-0.0401078,2.56654,16.1442,-12.6855,7.70558,-27.9474,-14.357,1
-4.0299,38.7728,-24.953,1.76809,0.640223,17.9924,-13.1383,6.69509,-26.5229,-15.5618,1
-3.86169,39.6893,-25.8837,0.817242,0.460464,18.2082,-13.3748,7.5799,-27.2202,-16.7667,1
-2.25041,37.4812,-27.4964,0.478092,-0.658612,17.0912,-12.391,8.04276,-27.1442,-16.4901,1
-4.01257,37.5271,-27.2363,-0.236162,-1.72766,17.3073,-11.823,9.29426,-27.2795,-15.6247,1
-5.38543,36.8785,-24.9933,0.669789,-2.62688,17.1389,-11.9831,8.73131,-27.0694,-17.7811,1
-4.69767,35.3658,-24.5961,3.14325,-2.7032,16.2173,-12.1592,8.3512,-27.8792,-17.5795,1
-5.39806,35.7597,-26.0228,2.56429,-2.48359,16.0693,-13.3034,9.92874,-27.1644,-17.8438,1
-6.58304,37.2966,-23.011,1.5831,-0.947329,15.6279,-12.5811,8.43327,-26.5691,-16.1969,1
-4.99706,36.9408,-23.1553,1.56489,-1.75915,17.6107,-13.1775,6.36306,-26.2496,-16.7399,1
-5.92617,37.8558,-22.101,1.40424,-1.82555,18.9001,-12.5581,5.14222,-24.6092,-17.3899,1
-4.27784,37.1132,-21.6353,1.06115,-1.6255,19.7204,-12.4266,5.15572,-23.1394,-17.7055,1
-3.61479,36.3705,-22.4114,1.05165,-2.08321,20.598,-12.3354,6.26678,-23.5216,-19.6993,1
-3.00105,36.872,-23.6789,-0.149603,-1.48297,20.7234,-12.1754,6.01941,-23.7807,-18.6117,1
-3.24252,38.3383,-23.9913,0.552762,-2.20187,20.3421,-11.8834,6.27818,-24.5182,-17.9972,1
-2.82527,36.0317,-23.064,0.346859,-2.02484,20.9436,-10.2397,5.28184,-23.6044,-19.4704,1
-3.70576,35.201,-23.3928,-0.262426,-1.63516,20.6824,-12.0667,5.83259,-24.4762,-19.722,1
-3.36458,34.1032,-23.9252,-1.30134,-2.25653,19.5492,-12.1594,5.62228,-25.9149,-18.9048,1
-4.39925,33.7428,-25.658,-0.321818,-1.77344,19.8342,-12.0991,4.69535,-27.451,-19.5499,1
-2.687,31.8828,-26.1903,-1.60778,-1.98912,19.4878,-13.5268,5.21593,-26.9929,-19.3692,1
-0.55937,31.9033,-25.2642,0.0613254,-1.30677,18.1305,-12.4478,4.15898,-27.9083,-21.0974,1
-0.272457,30.7286,-24.7253,0.512503,-2.52458,17.263,-12.8345,5.51714,-27.4885,-21.6814,1
0.561426,29.3531,-26.1238,0.2166,-2.50053,17.8985,-12.634,5.59016,-26.8312,-20.6502,1
0.654359,29.9876,-26.062,0.00260747,-2.26006,18.1246,-13.8437,4.85226,-27.6203,-21.5849,1
0.749699,28.9911,-26.5268,0.750523,-2.14079,18.1699,-12.3803,5.01804,-26.9388,-22.6613,1
0.769074,30.0187,-24.7753,0.665352,-2.71441,18.1213,-11.9485,5.14395,-26.7651,-22.2969,1
0.24791,31.0223,-25.9729,-0.403987,-1.89555,16.4535,-13.5057,5.32059,-26.0787,-23.5115,1
0.0295583,32.0151,-27.0114,-0.262168,-0.951968,16.302,-13.4538,4.7849,-25.4047,-24.3978,1
-1.54494,32.446,-26.7181,-0.309778,-1.22311,17.6454,-12.9461,4.23928,-25.4334,-25.3674,1
-1.68852,32.3869,-26.7013,-1.06364,-1.94526,18.4302,-11.3357,4.55297,-24.6303,-24.463,1
-2.58448,32.9052,-26.6661,-1.24097,-2.49409,17.9059,-11.3883,4.33365,-26.4092,-23.7467,1
-2.9502,33.3532,-27.3829,-2.46461,-3.49924,17.8046,-13.1343,4.53072,-27.1561,-21.4904,1
-3.93828,35.0327,-27.2712,-3.0585,-4.49381,17.4326,-14.5471,4.08145,-26.597,-21.1254,1
-3.00394,33.7398,-26.2882,-2.46174,-4.47794,16.775,-13.8072,3.68938,-27.6246,-20.6779,1
-4.32693,34.6407,-26.4203,-3.22375,-5.57197,15.9238,-14.4168,4.4604,-29.0814,-19.3614,1
-4.74021,34.1647,-23.3753,-3.36981,-5.39374,15.3355,-14.5739,5.537,-30.2549,-20.7954,1
-5.09817,33.5249,-22.1332,-2.04724,-5.27215,16.6101,-14.4841,4.94292,-32.3103,-22.4338,1
-5.12759,34.9657,-21.7628,-2.45973,-5.79384,16.4281,-13.0549,6.122,-32.1652,-22.392,1
-5.81595,35.6144,-21.5006,-2.09644,-5.97823,15.6897,-13.2106,6.87424,-30.2119,-22.1667,1
-6.29405,36.0463,-22.3742,-3.89655,-5.88598,16.9175,-13.0498,6.71508,-30.58,-21.2013,1
-6.08045,36.6445,-22.0259,-4.52517,-5.0744,13.9272,-12.4284,9.17575,-31.8676,-20.7274,1
-5.6036,36.2795,-21.6732,-5.18061,-5.24696,14.1898,-11.2944,10.6938,-33.3955,-20.8089,1
-5.78569,36.4431,-20.4332,-4.42667,-6.04126,12.0906,-12.9279,10.9502,-33.2551,-21.7023,1
-6.99687,36.47,-19.5057,-3.72125,-4.59566,13.8162,-11.7916,11.1747,-33.8642,-21.1388,1
-8.00985,36.8084,-20.7527,-1.32831,-5.43255,13.6344,-12.377,10.4602,-33.059,-20.9742,1
-9.68781,36.5808,-19.6775,-0.705004,-4.80215,12.857,-13.51,11.3671,-33.1511,-20.9857,1
-8.6274,35.9649,-18.7109,-0.6396,-4.02911,11.1833,-12.1471,10.9136,-32.8627,-20.7842,1
-9.45915,36.1617,-18.6541,1.5129,-3.49205,10.5373,-10.6562,11.8379,-33.5513,-20.4855,1
-10.769,35.6598,-17.6055,2.12823,-1.86231,10.3884,-11.6558,12.4862,-34.664,-19.7059,1
-9.9252,36.5628,-17.4231,3.61287,-2.1828,10.5991,-10.8401,14.0273,-34.7183,-19.9238,1
-10.6409,35.2968,-19.1326,3.61839,-2.59317,10.4089,-10.2805,15.6476,-34.5799,-20.3746,1
-8.79589,36.0162,-19.0262,1.76989,-2.63808,9.21388,-10.629,15.3163,-35.3465,-20.5059,1
-7.95814,36.4162,-18.637,0.507804,-3.63289,8.74403,-10.647,15.7216,-34.1325,-19.4126,1
-7.8924,35.4858,-18.4683,-0.0572798,-3.52635,10.4648,-9.84057,15.1965,-33.7162,-19.3508,1
-7.71613,35.5337,-19.3979,-0.118725,-3.61478,12.0196,-9.43128,16.4598,-34.3095,-20.3858,1
-8.70237,35.2249,-19.9627,-0.392257,-3.27089,12.4882,-11.3929,14.476,-33.8118,-21.2747,1
-7.23998,34.3596,-20.1641,-0.000590542,-3.20524,13.5546,-12.6345,15.9859,-33.0919,-19.8033,1
-6.79361,35.0896,-21.4178,1.31653,-1.52969,13.1323,-11.425,15.1966,-34.978,-19.3806,1
-7.67667,34.1368,-19.775,0.130511,-2.0853,14.1049,-11.7134,15.054,-35.8057,-17.9196,1
-7.36713,34.0794,-18.6199,2.29256,-1.59431,15.0341,-12.7714,15.7377,-34.1618,-17.9547,1
-6.94207,32.5612,-19.8063,3.20143,-3.1377,14.7826,-13.5316,15.1782,-33.4583,-18.3721,1
-6.79315,32.0045,-19.1942,3.53002,-5.79263,14.7322,-13.1297,14.0693,-33.3716,-16.6641,1
-6.76209,32.6053,-19.0975,3.11203,-7.08613,13.8569,-14.3683,13.8837,-33.6524,-17.8562,1
